ID,peptide,Gene,variant_type,variant_info,score,patient,cancer,confirmed,s2dd_distance
A1,VLHRWLQQTI,GOLGA6A,nonsynonymous SNV,Q198H,0.618333995342254,P1017343,Lung cancer,True,-0.9271497008544466
A2,VSLADRLL,LRIT1,nonframeshift substitution,E594L,0.613806426525116,P1017343,Lung cancer,False,-0.0011654947899324489
A3,KLTDTSVR,SLC5A4,nonsynonymous SNV,E632V,0.613158285617828,P1017343,Lung cancer,True,0.012880241690742374
A4,CAPRSWRF,ZIC4,frameshift insertion,P132Rfs*137,0.612168908119201,P1017343,Lung cancer,False,-0.9230287657489938
A5,YDLLSFDR,DHX29,nonframeshift substitution,N838F,0.61009931564331,P1017343,Lung cancer,True,-0.47877322076646023
A6,FDLQNLVL,TAF1L,nonframeshift substitution,K1094L,0.607792794704437,P1017343,Lung cancer,False,-0.6304573498532579
A7,VLPHELYWRF,TRABD2B,nonsynonymous SNV,L121F,0.605416715145111,P1017343,Lung cancer,True,-0.023051462199873796
A8,TSCLDQLR,USP35,frameshift insertion,E371Dfs*29,0.604876160621643,P1017343,Lung cancer,False,0.07688703603070228
A9,FLDSERQRV,CCDC85B,nonsynonymous SNV,G91V,0.603886246681213,P1017343,Lung cancer,False,-0.13658304669765994
A10,VVQPLKRM,DACT1,nonsynonymous SNV,K471R,0.603653907775878,P1017343,Lung cancer,False,-0.07429285808761485
A11,FDKEYILSH,DOCK4,nonsynonymous SNV,V1526D,0.602913558483123,P1017343,Lung cancer,False,0.026269810988909556
A12,LEFLDLRAV,SNTG2,nonsynonymous SNV,Q501L,0.602650165557861,P1017343,Lung cancer,False,-0.6313104042406397
A13,TQISQLAAV,PML,nonframeshift deletion,K623del,0.602170526981353,P1017343,Lung cancer,False,0.13076231434773236
A14,YQEALKIY,DOCK4,frameshift insertion,F1524Lfs*12,0.597128868103027,P1017343,Lung cancer,False,0.055007012449243685
A15,QTGAHLQV,ZIC4,frameshift insertion,P132Rfs*137,0.597087979316711,P1017343,Lung cancer,False,0.013535127305356078
A16,DLKIDNETQI,PML,nonframeshift deletion,K623del,0.594952523708343,P1017343,Lung cancer,False,0.17717556089976752
A17,SAVQQAALAY,NINL,nonsynonymous SNV,C381Y,0.593553781509399,P1017343,Lung cancer,True,0.06505144307066121
A18,VTSYTLLRV,ABCD1,nonsynonymous SNV,A232V,0.593031585216522,P1017343,Lung cancer,False,-0.983858609186892
A19,IIRIDLPR,XKR7,nonsynonymous SNV,V522I,0.592830717563629,P1017343,Lung cancer,False,0.07688703603070228
A20,ALEAAKRLTA,SUCLG2,nonsynonymous SNV,N76T,0.592341721057891,P1017343,Lung cancer,False,-0.058182212642744036
A1,LLVTQEILRT,PEAK1,frameshift deletion,T349Kfs*32,0.629451751708984,P980589,Breast cancer,False,-0.0032614149414694755
A2,VADVDISR,FAM135B,nonsynonymous SNV,T536I,0.627753674983978,P980589,Breast cancer,False,0.07688703603070228
A3,NRADFDDTV,MYOM2,nonsynonymous SNV,A225V,0.623175919055938,P980589,Breast cancer,False,0.13076231434773236
A4,TVQAKLTL,NF2,nonsynonymous SNV,A62T,0.622698962688446,P980589,Breast cancer,False,-0.4414557787527563
A5,GLQDKDLL,DRAXIN,nonframeshift deletion,L106del,0.618272244930267,P980589,Breast cancer,False,0.07688703603070228
A6,VTFATSAK,MAML2,frameshift deletion,Q605Afs*122,0.618009686470031,P980589,Breast cancer,False,-1.4822093721346592
A7,TLRKVDTV,NUDT1,nonsynonymous SNV,E152K,0.616552472114563,P980589,Breast cancer,False,0.05154627254056379
A8,ALLMKQHGSA,TRANK1,frameshift insertion,C1930Sfs*48,0.614592552185058,P980589,Breast cancer,False,0.06130514335259749
A9,VLRQPVVY,PEAK1,frameshift deletion,T349Kfs*32,0.613449335098266,P980589,Breast cancer,False,-0.07429285808761482
A10,VSPAAAPQAV,KRTAP5-10,frameshift deletion,G103Rfs*106,0.612353205680847,P980589,Breast cancer,True,-0.37227587370570275
A11,VGAPKVAV,KRTAP5-10,frameshift deletion,G103Rfs*106,0.61068308353424,P980589,Breast cancer,False,-2.0097672424243775
A12,VLKNLLVL,CNR1,nonsynonymous SNV,E133K,0.609064757823944,P980589,Breast cancer,True,-0.9186185992228346
A13,GLPFRTICM,SI,nonsynonymous SNV,H1432P,0.607445359230041,P980589,Breast cancer,False,0.0875624637427579
A14,AAAARSGQH,TRIM7,nonsynonymous SNV,C130S,0.60709536075592,P980589,Breast cancer,False,0.16574535752388064
A15,LQEAAMLLHA,TRANK1,frameshift insertion,C1930Sfs*43,0.606639385223388,P980589,Breast cancer,False,-0.2138259831417928
A16,VVLVAAPSAI,KRTAP5-10,frameshift deletion,G103Rfs*106,0.606356084346771,P980589,Breast cancer,False,-0.18508368502256023
A17,FDSRVPGV,TFF3,nonsynonymous SNV,I63V,0.604425489902496,P980589,Breast cancer,False,0.07688703603070228
A18,VIPTMTQGV,PDK1,nonsynonymous SNV,A157T,0.604388356208801,P980589,Breast cancer,True,-2.0097672424243775
A19,KDIHMEQSI,ZBP1,nonsynonymous SNV,Q177K,0.604272484779357,P980589,Breast cancer,False,0.1363319039339766
A20,ISVDRYLEI,GPR52,nonsynonymous SNV,A142E,0.602549076080322,P980589,Breast cancer,False,0.09587316719848565
A1,FFEQDDEDDL,BUB1,nonsynonymous SNV,L910F,0.630651474,P9280216,Pancreatic cancer,False,0.17717556089976752
A2,GQFHDNANW,KHSRP,nonsynonymous SNV,G229W,0.621903002,P9280216,Pancreatic cancer,False,0.21045529866693266
A3,DIVEEDGKGK,HDGFL3,nonsynonymous SNV,R128I,0.617524385,P9280216,Pancreatic cancer,True,0.17717556089976752
A4,DDHLMGKQHI,LUC7L3,nonsynonymous SNV,M218I,0.614479125,P9280216,Pancreatic cancer,False,0.17717556089976752
A5,IIKKWWRSF,SPATA17,nonsynonymous SNV,Q63K,0.614111841,P9280216,Pancreatic cancer,False,0.13076231434773236
A6,QLEQAKSHW,WWC1,nonsynonymous SNV,G1032W,0.613956988,P9280216,Pancreatic cancer,False,0.13076231434773236
A7,FILIVLDVLK,DRG1,nonsynonymous SNV,L144F,0.613034368,P9280216,Pancreatic cancer,True,-1.1102700636308633
A8,FVVEQDVDMV,PKM,nonsynonymous SNV,G217V,0.612350166,P9280216,Pancreatic cancer,False,-0.0016194570321295975
A9,SDDTEKKKL,VPS4B,nonsynonymous SNV,.P111T,0.612349987,P9280216,Pancreatic cancer,False,-0.01979149606012679
A10,TVRSTTEKSI,IDO1,nonsynonymous SNV,L399I,0.611554027,P9280216,Pancreatic cancer,False,0.147471083106465
A11,QQKEIIEQW,ARFGEF1,nonsynonymous SNV,G705W,0.609868169,P9280216,Pancreatic cancer,False,0.13076231434773236
A12,QVNEVTGTIR,MRPL49,nonsynonymous SNV,L147I,0.609801292,P9280216,Pancreatic cancer,False,0.17717556089976752
A13,SLNLDDNAK,MRPS35,nonsynonymous SNV,H185N,0.609518468,P9280216,Pancreatic cancer,False,0.13076231434773236
A14,RSLATLHER,ADGRG7,nonsynonymous SNV,P472A,0.608961701,P9280216,Pancreatic cancer,False,-0.1839720010209334
A15,YAGKEDIVQ,MYOF,nonsynonymous SNV,P1400Q,0.608828187,P9280216,Pancreatic cancer,False,0.13076231434773236
A16,VHTQMGKL,HSH2D,nonsynonymous SNV,Q25K,0.608625412,P9280216,Pancreatic cancer,False,0.07688703603070228
A17,VEHMRTDSRL,ABCD4,nonsynonymous SNV,R147S,0.608467579,P9280216,Pancreatic cancer,False,-0.9874955263870763
A18,RTRLEQVHEL,ZNFX1,nonsynonymous SNV,W1740L,0.608064651,P9280216,Pancreatic cancer,False,-1.0617215958115778
A19,QVKVDSAQV,ZNF131,nonsynonymous SNV,Q208K,0.606357157,P9280216,Pancreatic cancer,False,-0.5274483468020909
A20,KHRSQRYESL,RPL29,nonsynonymous SNV,P24H,0.606152773,P9280216,Pancreatic cancer,False,0.17717556089976752
A1,DDDDSHVR,E116D,nonsynonymous SNV,E116D,0.64074,P1057556,Lung cancer,False,0.269137643947537
A2,YDAMDNDIVK,Q464K,nonsynonymous SNV,Q464K,0.63659,P1057556,Lung cancer,False,0.17717556089976752
A3,NNDIIHNENM,H549N,nonsynonymous SNV,H549N,0.63618,P1057556,Lung cancer,False,0.17717556089976752
A4,IVRHQQLSDL,L662I,nonsynonymous SNV,L662I,0.62774,P1057556,Lung cancer,False,0.13076231434773236
A5,YVVDQWEV,G180W,nonsynonymous SNV,G180W,0.62508,P1057556,Lung cancer,False,0.07688703603070228
A6,GVDDGNLIIK,G30V,nonsynonymous SNV,G30V,0.61682,P1057556,Lung cancer,False,0.033171979336685455
A7,VIHGKLLDIV,M106I,nonsynonymous SNV,M106I,0.61662,P1057556,Lung cancer,False,-0.8673780142740322
A8,DDQYLLVDAL,G508V,nonsynonymous SNV,G508V,0.61601,P1057556,Lung cancer,False,-1.5302747058594122
A9,FIIDDKGILL,R140L,nonsynonymous SNV,R140L,0.61402,P1057556,Lung cancer,False,0.13076231434773236
A10,HSDIQEIELR,P6606H,nonsynonymous SNV,P6606H,0.61397,P1057556,Lung cancer,False,0.040994985249562216
A11,VLTRDLQL,P515T,nonsynonymous SNV,P515T,0.61386,P1057556,Lung cancer,False,-0.960763753048661
A12,DLDKDNSIR,K403N,nonsynonymous SNV,K403N,0.61238,P1057556,Lung cancer,False,0.13076231434773236
A13,HENSDKETKI,R151S,nonsynonymous SNV,R151S,0.61226,P1057556,Lung cancer,False,0.17717556089976752
A14,YLIPDIYLKL,D177Y,nonsynonymous SNV,D177Y,0.61192,P1057556,Lung cancer,False,-0.46947955984839246
A15,DVDIVFSNI,K102N,nonsynonymous SNV,K102N,0.6105,P1057556,Lung cancer,False,-1.0342301697120457
A16,RIPQTDQAV,R108I,nonsynonymous SNV,R108I,0.61015,P1057556,Lung cancer,False,0.052789787727453706
A17,LEDRVPQNTI,K323N,nonsynonymous SNV,K323N,0.60999,P1057556,Lung cancer,False,0.1111433617525848
A18,YVEDVQNFL,S23Y,nonsynonymous SNV,S23Y,0.60992,P1057556,Lung cancer,False,0.09192040954538787
A19,FEGKHLEDQL,P130H,nonsynonymous SNV,P130H,0.60988,P1057556,Lung cancer,True,0.13076231434773236
A20,YHALDSDNM,E287D,nonsynonymous SNV,E287D,0.60982,P1057556,Lung cancer,True,0.15118414283062784
A1,VSIAKGLITL,SNF8,nonsynonymous SNV,M10I,0.592064083,P1060513,Breast cancer,False,-0.0327957892723225
A2,YSNLENVYK,OGT,nonsynonymous SNV,G96E,0.589447677,P1060513,Breast cancer,False,0.07688703603070228
A3,YINKVEEQK,DBI,nonsynonymous SNV,L81Q,0.589368463,P1060513,Breast cancer,False,0.13076231434773236
A4,TVKHSTDGDF,METTL14,nonsynonymous SNV,R298H,0.589198649,P1060513,Breast cancer,False,0.17717556089976752
A5,RQELIQELR,CFAP91,nonsynonymous SNV,L500Q,0.588721752,P1060513,Breast cancer,False,0.07688703603070228
A6,QELIQELR,CFAP91,nonsynonymous SNV,L500Q,0.586753786,P1060513,Breast cancer,False,0.07688703603070228
A7,IAKGLITL,SNF8,nonsynonymous SNV,M10I,0.586345971,P1060513,Breast cancer,False,-0.059595411932563715
A8,RQELIQEL,CFAP91,nonsynonymous SNV,L394Q,0.585860848,P1060513,Breast cancer,False,0.013535127305356078
A9,LVKETDKY,STX7,nonsynonymous SNV,A63V,0.572221279,P1060513,Breast cancer,False,0.013535127305356078
A10,GSNKKADRTF,TRMT10B,nonsynonymous SNV,P84T,0.5716784,P1060513,Breast cancer,False,0.17717556089976752
A11,FQKVSVPSNL,KTN1,nonsynonymous SNV,P1052Q,0.567806125,P1060513,Breast cancer,False,0.035065468316529964
A12,VKNFGIWLHY,RPL18A,nonsynonymous SNV,R83H,0.562835991,P1060513,Breast cancer,False,0.07511560466770423
A13,QQYTNQLV,STX7,nonsynonymous SNV,A63V,0.561361253,P1060513,Breast cancer,True,0.021449286033426537
A14,YDIVYPIKC,OTUD4,nonsynonymous SNV,Y92C,0.55837369,P1060513,Breast cancer,False,0.13076231434773236
A15,VQQQASKML,PIN4,nonsynonymous SNV,P27L,0.557054758,P1060513,Breast cancer,True,0.13076231434773236
A16,VVCNECPNVK,DNAJB11,nonsynonymous SNV,D194N,0.548676133,P1060513,Breast cancer,False,-0.03950339262803524
A17,TELAMCQSV,KRT18,nonsynonymous SNV,R175C,0.547527373,P1060513,Breast cancer,False,0.04167840501392008
A18,QLNPWQVSI,SNF8,nonsynonymous SNV,M10I,0.543080032,P1060513,Breast cancer,False,-0.18629609774942274
A19,SETESRESY,WRNIP1,nonsynonymous SNV,G103S,0.528287232,P1060513,Breast cancer,True,0.013535127305356078
A20,RTFWICLTGF,TRMT10B,nonsynonymous SNV,P84T,0.506580293,P1060513,Breast cancer,False,-0.30358112562248246
