RFPLTFGWCF,SARDLAGNSNQPQH,0
RFPLTFGWCF,ATRGGEGQPQH,0
RYPLTFGW,ASSKGLTGNYEQY,0
TSTLQEQIGW,ASSYNPGNNEQF,0
RYPLTFGWCF,ASSQGTGTQY,0
RTLNAWVKV,ASSPIDRNEAF,0
RYPLTFGW,ASSFPPGGVGTEKLF,1
RYPLTFGW,ASNWGEQY,0
RFPLTFGWCF,ASSLIGVGEFTDTQY,0
RFPLTFGWCF,ASSQGDTNYGYT,0
RYPLTFGW,ASSIRDSQETQY,1
RYPLTFGWCF,ASSGRSTGELF,0
SLFNTVATL,ASSSKREENEQF,0
RFPLTFGWCF,ASSLVGGAETQY,0
SLFNTVATL,ASSDRGAIGYT,0
RFPLTFGWCF,ASSIDRGGNTEAF,0
SLFNTVATL,ASSLSVHLGGNTEAF,0
RFPLTFGWCF,ATSRAYPGQGLF,0
RFPLTFGWCF,ASSAAGEAYEQY,0
SLFNTVATL,ASSQEGGFTDTQY,0
SLFNTVATL,ASSEIRKTKPSF,0
RTLNAWVKV,ASSVDSYQPQH,0
TSTLQEQIGW,ASSLRAGVLPPYEQY,0
RYPLTFGW,ASSIALVGSGNTIY,0
FRDYVDRFYKTLRAEQASQE,ASSLLSETQY,0
TSTLQEQIGW,ASSYSPGTGNTIY,0
RYPLTFGW,ASSIGGTGQDTQY,0
RFPLTFGWCF,ATSRGPTQAPYEETQY,0
RFPLTFGWCF,ASSSRLAGGGETQY,1
RFPLTFGWCF,ASWDRGGRYEQY,0
RYPLTFGW,ASSLLLGVLAEQF,0
RTLNAWVKV,ASRQAPSSTDTQY,0
RFPLTFGWCF,ASSPALGGVPEAF,0
RTLNAWVKV,ASSPGTPNTQY,0
SLFNTVATL,ASSLGSGRAGFSYEQY,0
RFPLTFGWCF,ASSPFAGGPADTQY,0
TSTLQEQIGW,AWNGGSGNTIY,0
RYPLTFGWCF,ASKGGSNTGQLY,0
RFPLTFGWCF,ASSSHDRTGVRTEAF,0
RYPLTLGWCF,ASSSWDTGELF,1
SLFNTVATL,ASRTGLASTDTQY,1
RYPLTFGW,ASSFDYNEKLF,0
FRDYVDRFYKTLRAEQASQE,ASSLGTSGTETQY,0
SLFNTVATL,ASSPTTGTTGNTIY,0
SLYNTVATL,ASSAGNTIY,0
SLFNTVATL,ASSSDSTYEQY,0
RFPLTFGWCF,ASSVRSTDTQY,0
RFPLTFGWCF,ASSLAGTSPPF,1
RFPLTFGWCF,SPGQGPYNEQF,0
SLFNTVATL,ASGLLWGQEQF,0
RYPLTFGWCF,ASSDAKDSAETLY,0
RTLNAWVKV,ASSWSNQPQH,0
TSTLQEQIGW,ASMGTSAETLY,0
RYPLTFGW,ASSFPPGGVGTEKLF,1
RYPLTFGW,ASSLDGGQGLEQY,0
RFPLTFGWCF,ASSLQPPGTSTETQY,0
SLYNTVATL,ASSFRGGGMDEQY,0
RYPLTFGW,ASSQDTGAGGSHEQY,1
RFPLTFGWCF,ASSPDVGHEKLF,0
RTLNAWVKV,ASKDSWGYGYT,0
SLFNTVATL,ASSYSQTFPGQGANEKLF,0
RFPLTFGWCF,ASGLDTQY,0
RFPLTFGWCF,ASSFIGGTDTQY,0
LNKIVRMYSPTSILD,ASSLGQAAEAF,0
RTLNAWVKV,ASSQSPGGTQY,0
RFPLTFGWCF,ASSLQGVNGNTIY,0
RYPLTFGW,ASSAGANTEVF,0
TSTLQEQIGW,ASSPLNSGTGNEQF,1
RFPLTFGWCF,AWSTQESYNEQF,0
RTLNAWVKV,AWSVTNTEAF,0
RTLNAWVKV,AWGSVRMISYNEQF,1
RFPLTFGWCF,ASSYSETYEQY,0
RFPLTFGWCF,ASSEDQFSGVAAGELF,0
LNKIVRMYSPTSILD,ASSYASGRGGTQY,0
RYPLTFGW,ASSLGLAGDNEQF,1
RYPLTFGW,ASSLVRRYEQY,0
RTLNAWVKV,ASSQGTGGIVDIQY,0
RFPLTFGWCF,ASSWGGPDTEAF,0
RFPLTFGWCF,ASSPGSNTEVF,0
RTLNAWVKV,ASSYQGGGKGGYT,0
SLYNTVATLY,AWSAGLAYEQY,0
RFPLTFGWCF,ASTRGVGTSGAKETQY,0
RFPLTFGWCF,ASAGTGVEKLF,0
RFPLTFGWCF,ASSQDMAGWGEKLF,0
RFPLTFGWCF,ASSLEGQLFYEQY,0
SLFNTVATL,ASGDAGGNYAEQF,0
RYPLTFGW,ATSDLGGLTGELF,1
RFPLTFGWCF,ASSIGVATEAF,0
RFPLTFGWCF,SARAYSSYEQY,0
RFPLTFGWCF,ASRVGNTEAF,0
RTLNAWVKV,ASSSPGTAHSYEQY,1
RYPLTFGWCF,ASSLIGAAGVTDTQY,0
RFPLTFGWCF,ASSFGQGPLYVDGYT,0
TSTLQEQIGW,ASSQARGGAETQY,1
SLFNTVATL,ASSYPQGTGTEAF,0
RFPLTFGWCF,ASSGTGNQPQH,0
RYPLTFGW,ASSSRDNVPETQY,1
RFPLTFGWCF,ASSEGTGGILSYGYT,0
TSTLQEQIGW,ASSVGLAGVSYNEQF,0
RTLNAWVKV,SVTTGVNTEAF,0
FRDYVDRFYKTLRAEQASQE,ATSKKGWANEQF,0
RFPLTFGWCF,ASSTTVTTTNEKLF,0
RFPLTFGWCF,ASSLLKGTLH,0
RYPLTLGWCF,ASRQGNTGELF,0
FRDYVDRFYKTLRAEQASQE,ASSLVADYTYEQY,0
RFPLTFGWCF,AILGQGYGYT,0
RYPLTFGW,ASTFRENIQY,0
RFPLTFGWCF,ASSKRNEQF,1
RYPLTFGW,ASSAGARNTQY,0
SLFNTVATL,ASSDGDTQY,0
RFPLTFGWCF,ASSLARAQGASNTGELF,0
SLFNTVATL,ASSLGVAGTNTGELF,1
RFPLTFGWCF,SVGDRDGYT,0
RYPLTFGWCF,ASSQDWAASNSPLH,0
RYPLTFGW,ASSQARVSYNEQF,0
RTLNAWVKV,ASSVGGVPYNEQF,0
RFPLTFGWCF,SATPGGGQFTYGYT,0
RFPLTFGWCF,ASSLSAGDLQETQY,0
RTLNAWVKV,ASSPPRYSNQPQH,0
TSTLQEQIGW,ASSIRSSYEQY,0
RFPLTFGWCF,ASSGRDSNSDYT,0
RFPLTFGWCF,ASSNPRLDATGELF,0
SLYNTIATL,ASGDFWGDTLY,0
RYPLTFGWCF,ASSLGGGAYEQY,0
RFPLTFGWCF,ASSYRTGGTEAF,0
RFPLTFGWCF,ASSIWGAYAEQF,0
RFPLTFGWCF,SAGTKRDRAQPQH,0
RFPLTFGWCF,ASSFISPPQTEAF,0
RTLNAWVKV,ASSLSMGGAGELF,1
RTLNAWVKV,SALTGTVGAF,0
RFPLTFGWCF,ATSSGNYGYT,0
RYPLTFGW,ASSQGAGAQTYYGYT,0
RTLNAWVKV,SVGSGIGGETQY,0
SLFNTVATL,ASSSYTGELF,1
RYPLTFGWCF,ASTSLGQGHISNYGYT,1
SLFNTVATL,ASSFWRGYTDTQY,0
RTLNAWVKV,ASGDEGYTQY,0
RFPLTFGWCF,ASGKLG,0
RYPLTFGW,AILGQGYGYT,0
RFPLTFGWCF,ASSQDSAETLY,0
RFPLTFGWCF,ASSPAGAADTQY,0
RYPLTFGW,ASSVLYETDTQY,0
KRWIIMGLNK,ASSLAGSQYNSPLH,0
RYPLTFGWCF,ASSPLAGYNEQF,0
RFPLTFGWCF,ASSLQNSPLH,0
RTLNAWVKV,SAYLQGSSYEQY,0
SLFNTVATL,ASSSTGGGEKDQPQH,0
RTLNAWVKV,ASSEVVSTTYEQY,1
RFPLTFGWCF,ASSYGNEQF,0
SLFNTVATL,ASSDRTGVGETQY,0
RTLNAWVKV,ASSLKISWTNEKLF,0
RYPLTFGW,SARPPYNEQF,0
RYPLTFGW,ASSRWDGMNTEAF,0
RTLNAWVKV,ASSSRGADGELF,1
RYPLTFGW,ASSVGREWTGELF,0
SLFNTVATL,ASSPLGQDTQY,1
SLFNTVATL,ASSFYSNQPQH,0
RFPLTFGWCF,ASNNRGRSYEQY,0
RTLNAWVKV,ASSNSLPSGVSYNEQF,1
SLFNTVATL,TCSPGTGGYNYAEQF,0
RTLNAWVKV,ATGGSGNIQY,0
RFPLTFGWCF,ASRRTGGSYNEQF,0
SLFNTVATL,ASSPTGNWNTDTQY,1
RFPLTFGWCF,ASSGRGWETQY,0
RYPLTFGWCF,ASSIGGLGGTETLY,0
RFPLTFGWCF,ASREGLSNEQF,0
TAFTIPSI,SLQGGRYNEQF,0
RFPLTFGWCF,ASRDRGPYNEQF,0
RTLNAWVKV,ASSEYSGIGTDTQY,0
RFPLTFGWCF,ASSQAPSREERGEDTQY,0
RFPLTFGWCF,SQNLPRQGGVDTQY,0
SLFNTVATL,SVHVPMNTEAF,0
RTLNAWVKV,ASGHSAGGSGNNEQF,0
RYPLTFGW,ASSLYKSSYNEQF,0
SLFNTVATL,ASSRDWGPAEQF,0
SLFNTVATL,ASSMTPLGEDTQY,0
RFPLTFGWCF,ASSVGLYSTGELF,0
RTLNAWVKV,ASSRTGSLNYGYT,0
RYPLTFGWCF,ASSSRDGGTDTQY,0
RFPLTFGWCF,ASGDAYWGGTYEQY,0
TSTLQEQIGW,SATARGGTSGGKSYEQY,0
RYPLTFGW,ASSFGGEVF,0
RYPLTFGWCF,ASSFGSDYNEQF,0
RYPLTFGW,ASSITWTGNMNTEAF,0
RFPLTFGWCF,ASSGDLNSGNTLY,0
RFPLTFGWCF,ASSFRDSAETLY,0
RYPLTFGWCF,ASSRERGPGELF,1
RTLNAWVKV,ASSLDRTSSPLH,1
RTLNAWVKV,TCSPGLGNEQY,0
RYPLTFGWCF,ASGDFWGDTLY,0
RYPLTFGW,SARDWREETQY,0
SLFNTVATL,SVGTGGTNEKLF,0
TSTLQEQIGW,ASSQGTRAEAF,0
RTLNAWVKV,SARDGASSDTQY,0
RTLNAWVKV,ASSLGEGRVDGYT,0
RYPLTFGW,ASTNGGQSL,0
RTLNAWVKV,ASGDAGWSNQDTQY,0
RTLNAWVKV,ATSSGGGGKAYGYT,0
RTLNAWVKV,SAAMFTPLLEAF,0
SLFNTVATL,ASSYYGWGTGELF,0
RTLNAWVKV,ASSYGQGWGYT,0
RTLNAWVKV,ASSQEGRETEAF,0
TSTLQEQIGW,SARAQGAAKNIQY,1
RFPLTFGWCF,ASSSDRGEQF,0
RFPLTFGWCF,SARDPPAGRDGYT,0
RFPLTFGWCF,SAPTRVLAGCTDTQY,0
RTLNAWVKV,ASSTETGNTEAF,0
TAFTIPSI,ASSLTEGGRNQPQH,0
RYPLTFGW,ASSDGQGANYGYT,0
RTLNAWVKV,ASSEAWGTPLWGEKLF,0
RYPLTFGW,ASSPGRQDSSYEQY,0
RFPLTFGWCF,ASSEAPSDYEQY,1
TSTLQEQIGW,ASRSSGGAYNEQF,0
SLFNTVATL,ASSTSTGTGYGYT,0
RFPLTFGWCF,ASSHLGGDRYMNEQF,0
RYPLTFGW,ATSTGDSNQPQH,0
RYPLTFGW,SARGLAGTYEQY,1
RFPLTFGWCF,ASSIRSSYEQY,0
SLFNTVATL,ASSYLGQGDAYGYT,0
SLYNTIATL,ASSFEQGGEAQH,0
RYPLTFGWCF,ASSVGTGEGTYEQY,0
RFPLTFGWCF,ASSIRSSYEQY,0
RTLNAWVKV,AISVEGTGLGYGYT,0
RFPLTFGWCF,ASSVGGTHYEQY,0
RTLNAWVKV,ASSSDQLDRGSYEQY,1
SLFNTVATL,ASSRQSADTQY,0
RFPLTFGWCF,ASSYRFDSPLH,0
RFPLTFGWCF,SASRTGLGQPQH,0
RTLNAWVKV,ASSTLAGGYYEQY,0
SLFNTVATL,ASSALAGNTEAF,0
SLFNTVATL,ASSPRLGSNYGYT,0
RFPLTFGWCF,ASSLGQGSSYEQY,0
SLFNTVATL,ASSPAVHRVANNEQL,0
RFPLTFGWCF,ASSYSPGQLTGYT,0
RYPLTFGWCF,ASSRFANTEVF,0
RFPLTFGWCF,SAREDPQDTQY,0
SLYNTVATL,ASSDTVSYEQY,1
SLFNTVATL,ASSSLTRTGGQNTLY,0
RTLNAWVKV,ASLKATDTQY,0
RTLNAWVKV,ASSLGQGGAPLH,0
RFPLTFGWCF,ASSYTGTEQY,0
RFPLTFGWCF,ASRGQTPEAF,1
RFPLTFGWCF,ASSLGLAGDNEQF,1
RTLNAWVKV,WGNTEAF,0
RTLNAWVKV,ASHPQSGSWSDTQY,0
SLFNTVATL,ASSSSNTGELF,0
RFPLTFGWCF,ASSLTGSAEAF,0
RFPLTFGWCF,ASSQETQGRNYGYT,0
RTLNAWVKV,ASSLGQDGYT,1
RFPLTFGWCF,ASSPVLRAKNIQY,0
SLYNTVATL,ASSVRSSMNTEAF,0
RFPLTFGWCF,ASTQGGAPL,0
RFPLTFGWCF,ASSMDSAETLY,0
RGPGRAFVTI,ASSQEHERGPQH,0
TSTLQEQIGW,SANSGTSPNEQF,0
SLFNTVATL,ASSLVGTSGRTQETQY,0
RFPLTFGWCF,ASSPGTGRNGELF,0
RYPLTFGW,ASSFRGLGGGTDTQY,0
RTLNAWVKV,ASSFWTGETEAF,0
TSTLQEQIGW,ASSPWGESYNEQF,0
SLFNTVATL,ASKSERGTYEQY,1
RFPLTFGWCF,ASSLASGTEAF,0
RFPLTFGWCF,ASIPGLGGSAETLY,0
RYPLTFGW,ASSFVDRVYEQY,0
SLFNTVATL,ASSARTGVGYGYT,1
RTLNAWVKV,ASGERRDRGDNERLF,0
RFPLTFGWCF,ASGETGGNYAEQF,0
RYPLTFGW,SVRLTDYNEQF,0
SLFNTVATL,ASSLNGNYGYT,0
RFPLTFGWCF,SATGTGILDGYT,0
RTLNAWVKV,ATSDFRQGDVLFWQF,1
SLYNTIATL,ASSITGNSFEQY,0
RYPLTFGW,ASSRGGRSSYEQY,0
SLFNTVATL,ASAGGAPSSYNEQF,0
FRDYVDRFYKTLRAEQASQE,ASSRRTSGGSDTQY,1
RFPLTFGWCF,ASSHLRFTQY,0
RFPLTFGWCF,ASSPPGGGNTGELF,0
FRDYVDRFYKTLRAEQASQE,ASTRVGGDYGYT,0
RYPLTFGW,ASIHTSGANTGELF,0
RYPLTFGWCF,ASNPPVRLGLTEAF,1
RFPLTFGWCF,ASSPGDSYEQY,0
RTLNAWVKV,ASSASGARDYSNQPQH,0
RTLNAWVKV,ASSIYSVNEQF,0
SSADEQIQW,ASSLGVAGTNTGELF,0
RFPLTFGWCF,ASRPGQGRNGTSGVTYEQY,1
RFPLTFGWCF,ASTPGQNEQY,1
RFPLTFGWCF,ASSLRSTGELF,0
TSTLQEQIGW,ASSLAGGLTDTQY,0
SLFNTVATL,ASSPGTALSYEQY,0
RTLNAWVKV,ATSSGQYPYEQY,0
RFPLTFGWCF,ASSLRLAGDIIVNEQF,0
TSTLQEQIGW,ASSEKPDTQY,0
SLFNTVATL,ASSWGPGELF,1
TAFTIPSI,ASSRGLGYT,0
RFPLTFGWCF,ASSRDETNSDYT,0
RTLNAWVKV,ASKEVAGAQETQY,1
KRWIIMGLNK,ASGLHVGTGGADTQY,0
RYPLTFGW,ASSQSPGGTQY,0
RFPLTFGWCF,ASIGLSGAGELF,0
SLFNTVATL,ASSARSSYEQY,0
RTLNAWVKV,ASSQGDGTGTQY,0
SLFNTVATL,ASSIDWRDRGEKIETQY,0
SLFNTVATL,ASSSARGGRDIQY,0
SLFNTVATL,ASSYWPDYGYT,0
SSADEQIQW,SACSLRSQGTDTQY,0
SSADEQIQW,ASSLVCTDTQY,0
RYPLTFGWCF,ASSDLSQGAGYT,1
SLFNTVATL,ASSIGEGLSYEQY,0
SSVDEQIQW,ASSVVDAGFEQY,0
RTLNAWVKV,SVDFVGANVLT,0
FRDYVDRFYKTLRAEQASQE,ASSQGDGTGTQY,0
RTLNAWVKV,ASSLLTGPNYGYT,0
RYPLTFGW,ASSARGQGGNTIY,0
SLFNTVATL,ASSHSADTQY,0
RTLNAWVKV,ASSQASGAGEKRSSYNEQF,0
RTLNAWVKV,ASGGLGGDEQY,0
RTLNAWVKV,ASSWPHFTDTQY,0
RTLNAWVKV,ASSLAPGGSNSPLH,0
RYPLTFGW,ASSFQGLGYEQY,0
SLFNTVATL,ASSQGGGGTDTQY,1
TSTLQEQIGW,ASSVADGRSQH,0
ILKEPVHGV,ASSPWEMNTEAF,0
RTLNAWVKV,SAAGTGGAGTEAF,0
RFPLTFGWCF,ASSRTSPTDTQY,0
SLFNTVATL,ASSFSGNTGELF,0
RFPLTFGWCF,ASSQSPGAGGTEAF,1
RYPLTFGW,ASSLFGTSDYT,0
RYPLTFGW,ASSPGVTGELF,0
RFPLTFGWCF,ASSSTSGDYNEQF,0
SLFNTVATL,ASSPGKDRFSGNTIY,0
SLFNTVATL,ASSERDREDEQY,0
RTLNAWVKV,ASSGPGGMAYNSPLH,0
RYPLTFGWCF,ASSHSGDQPQH,0
FRDYVDRFYKTLRAEQASQE,ASRGLPNQETQY,0
RTLNAWVKV,SARGISRPYGDEKLF,0
RFPLTFGWCF,ASSPYRTYGYT,0
RYPLTFGWCF,ASSMWGRQLNTEAF,0
SLYNTVATL,ASSGGSNTGQLY,0
RYPLTFGW,ASSPDSAETLY,0
RFPLTFGWCF,ASRGQGLGQPQH,0
SLYNTVATL,ASGAEGQGSDTQY,0
RFPLTFGWCF,ASSSFPLAGGPTDTQY,0
RYPLTFGWCF,ASSLTAYGYT,0
SLFNTVATL,SARDLEVLSYEQY,1
RFPLTFGWCF,ASSLRTGPRADTQY,1
RTLNAWVKV,SVEDTDYGYT,0
RFPLTFGWCF,ASSQEARGNERLF,0
RTLNAWVKV,ATQYRGNQPQH,0
ILKEPVHGV,ASSPGQREAF,0
RYPLTFGWCF,ASSDFGTGMNEQY,1
TSTLQEQIGW,ASSRTGGNGYT,0
RFPLTFGWCF,ASSSRLAGGGETQY,1
RFPLTFGWCF,ASSLFPRVETQY,0
RFPLTFGWCF,ASSVGGGREQF,0
RTLNAWVKV,ASSFSGNTGELF,0
RTLNAWVKV,ASSQGLADNNEQF,0
RFPLTFGWCF,ASSPYGQGGRDTEAF,0
RTLNAWVKV,SWDFQETQY,0
RFPLTFGWCF,ASSFPGGYGYT,0
SSADEQIQW,SARAGQGVDGYT,0
RYPLTFGW,ASSPSSWDRPGTGELF,0
RFPLTFGWCF,AWRTGFGDTGELF,0
TSTLQEQIGW,ASSLGAGQPQH,0
RYPLTFGW,ASSQYLWGGELF,0
RTLNAWVKV,ASSSGTGNLDTQY,0
RTLNAWVKV,ASSPRLAGDEQF,0
FRDYVDRFYKTLRAEQASQE,ASSQDWEYTEVF,0
RFPLTFGWCF,ASSEGQPQH,0
RFPLTFGWCF,ASSLGQGVQPQH,0
SLFNTVATL,ASSGRSTGELF,0
RYPLTFGW,AWVSGTHVVT,1
RYPLTFGW,ASRVSGSLSYNEQF,0
RTLNAWVKV,ASSLGGGDYEQY,0
LNKIVRMYSPTSILD,AISPGGVGYGYT,0
LNKIVRMYSPTSILD,SARDLTSGSLNEQF,0
RFPLTFGWCF,ASSLPRGYGYT,1
RYPLTFGWCF,ASSQGERGYT,0
RYPLTFGW,AWVSGTHVVT,1
RTLNAWVKV,ASSSGNPSTDTQY,0
SLFNTVATL,SARTPDRDLVYEQY,0
RTLNAWVKV,ASSIGSGEAF,0
RTLNAWVKV,ASKREGVTGELF,0
RYPLTFGWCF,ASSPGLEKTQY,0
RTLNAWVKV,AWSARLAGGPRTQY,0
RFPLTFGWCF,ATSVTGGNSPLH,0
SLFNTVATL,ASSLGTESYEQY,0
RYPLTFGWCF,ASSVATYSTDTQY,0
SSVDEQIQW,AWSGTATPYEQY,0
RYPLTFGW,ATGRANTEAF,0
SLFNTVATL,ASSLLGDYEQY,0
RFPLTFGWCF,ASSIRASYEQY,0
RTLNAWVKV,ASRSQNYYGYT,0
RFPLTFGWCF,ASSTLAGGQETQY,0
RFPLTFGWCF,SARKQGNEQF,0
RFPLTFGWCF,ASSPSSYEQY,0
RTLNAWVKV,ASSAGTGAYEQY,0
RFPLTFGWCF,ASSLTHTYEQY,0
RFPLTFGWCF,ASSGGANTGQLY,0
RTLNAWVKV,ASGDASGAETLY,0
RYPLTFGW,ASSLLSSGRVNEQF,0
RFPLTFGWCF,ASSLEVARLAGEGYEQY,1
RFPLTFGWCF,ASSFQAAGGTEAF,0
SLYNTVATL,ASSQDLSRLNTEAF,0
RFPLTFGWCF,SARTSGDFGEQF,0
RYPLTFGW,ASSIGVYGYT,0
RTLNAWVKV,ASTSRGVSKVF,0
DRFYKTLRAEQASQEV,ASSKLASTAGEQY,1
TAFTIPSI,ASSQPAGYGGYT,0
RYPLTFGW,ASSGLGEQY,0
RTLNAWVKV,ASSRDSASTGELF,0
RYPLTFGWCF,SARLAGLTYNEQF,0
RFPLTFGWCF,SAKPPRLAGVGAGELF,1
RFPLTFGWCF,ASSDAPGQLY,0
SLYNTVATL,ASSLDWDSQNTLY,0
SLYNTVATL,ASSSRLARNTGELF,0
SLFNTVATL,ASSLVGYEQF,0
RFPLTFGWCF,SAGGQGIHQETQY,0
RFPLTFGWCF,ATSRDRLGGGRYEQY,0
SLFNTVATL,AWGSGLGYGYT,0
RFPLTFGWCF,ATSRRQGTTTRTYEQY,1
RYPLTFGW,ASYDFTEAF,0
RYPLTFGWCF,ASSPTSGIYEQY,1
RYPLTFGW,SARDPVSTYEQY,1
SLFNTVATL,ASSLEGGADTQY,0
TSTLQEQIGW,ASSITWTGNMNTEAF,0
RFPLTFGWCF,SARATGGLVKETQY,0
RFPLTFGWCF,SVTGTRGNRVLNEQF,0
RFPLTFGWCF,ASSREEANTGQLY,0
RTLNAWVKV,ASSLGGPGETQY,0
FRDYVDRFYKTLRAEQASQE,ASSLGGGGPQETQY,0
RFPLTFGWCF,ATSPPGIEQF,0
RFPLTFGWCF,ASSVDTFTSTDTQY,0
RYPLTFGW,ASSFTTNEKLF,0
RYPLTFGW,ASSLYLQGRGEQF,0
RFPLTFGWCF,ASSIRSSYEQY,0
FRDYVDRFYKTLRAEQASQE,ASSAGTGDTDTQY,0
RYPLTFGW,ASSADRFPYEQY,0
RTLNAWVKV,ASGDNSAETL,0
RFPLTFGWCF,ASSQETSGGASQF,0
RTLNAWVKV,ASSTRSGDTQY,0
FRDYVDRFYKTLRAEQASQE,AWVLGPAGDTQY,0
SLYNTVATLY,ASSDSLGDRGSYEQY,1
TAFTIPSI,ASSLVAWLAENNEQF,0
RTLNAWVKV,ASSQEWLAVSTDTQY,0
RFPLTFGWCF,ASSQDPGFGGGSYEQY,1
RYPLTFGW,SVGSGDHGEQF,0
SLYNTIATL,ASSDTVSYEQY,1
RFPLTFGWCF,ASSFGTSPGANVLT,0
RTLNAWVKV,SARAGVQETQY,0
SLFNTVATL,ASSLGGGPQETQY,1
RTLNAWVKV,ASSIRSSYEQF,0
RYPLTFGW,AWTGTGKIGWDSPLH,0
RFPLTFGWCF,ASSARSSYEQY,0
RYPLTFGWCF,ASSQTLGGSYGYT,0
RFPLTFGWCF,ASSLLGHNTGELF,0
SLFNTVATL,ASTGTSGGPTLRDEQF,1
RFPLTFGWCF,ASSLDLKETQY,0
RFPLTFGWCF,ASSVGVAGEYEQY,0
RTLNAWVKV,ASSLALTAEIHGYT,0
RYPLTFGW,ASSYSTGGTDTQY,0
RFPLTFGWCF,SAIGPRGTDTQY,0
RYPLTFGW,ASSPHGGQGNDEQY,0
RYPLTFGW,ASSFFTGNTEAF,0
SSVDEQIQW,ASSLIDTGELF,0
TSTLQEQIGW,ASRYRGAYEQY,0
SLFNTVATL,ASSLLGSGGQETQY,0
TSTLQEQIGW,ASSLATVSYEQY,0
SLFNTVATL,ASSLVFTGGAGNEQF,0
RYPLTFGW,ASGYWSGDTQY,0
RFPLTFGWCF,ASSGPGQLSTDTEAF,0
RTLNAWVKV,ASSLGPSLYEQY,0
RYPLTFGW,ASSSGTGAYEQY,0
RTLNAWVKV,ASSSTGGGEKDQPQH,1
TSTLQEQIGW,ASSLSGQGNTEAF,0
SLFNTVATL,ASRPSGGAETQY,1
TSTLQEQIGW,ATSGPHTDTQY,0
RTLNAWVKV,SADTGTGGPNQPQH,0
RFPLTFGWCF,AAWDRGSEQY,0
RFPLTFGWCF,AINPLGSSSKKGTQY,0
RFPLTFGWCF,ASSTGGRHEQY,0
RYPLTFGW,ASSLSQGARAEQF,0
SLFNTVATL,ASSLTGDGPDTQY,0
RTLNAWVKV,ASSSPSGLAGQETQY,1
RFPLTFGWCF,SARDRTGNGYT,0
SLYNTIATL,ASSQGLVSGSPLH,0
SLFNTVATL,SARTSGDFGEQF,0
RYPLTFGWCF,ASSQATEQY,0
RFPLTFGWCF,ASSLTGPPYEQY,0
RTLNAWVKV,ASGGTSGDTDTQY,0
SLFNTVATL,ASSPTKGGSGNTIY,0
RFPLTFGWCF,SAELAGVSTDTQY,0
RGPGRAFVTI,SVRGLYNEQF,0
RFPLTFGWCF,ASREGETQY,0
SLFNTVATL,ASSSLAGLPEQF,0
RYPLTFGW,ASRDTGRLETQY,0
RYPLTFGWCF,ASSPMDTQY,0
RFPLTFGWCF,ASSVRHGTEAF,0
SLYNTVATL,ASSHYRRAEGGAGYT,0
RTLNAWVKV,ASSETNYEQY,0
ILKEPVHGV,ASRRLTAKNEKLF,0
RFPLTFGWCF,SARPLKGEIEQY,0
TAFTIPSI,ASSSNPIVPQETQY,1
RTLNAWVKV,ASSLGQGDTEAF,0
RFPLTFGWCF,ASQPRDRGENEQF,0
RFPLTFGWCF,ASSTYGTGGEKLF,0
TSTLQEQIGW,ASSLVLGQVYEQY,0
RFPLTFGWCF,ASSTPPDRADTQY,0
RYPLTFGW,ASSFSGEGETQY,0
RYPLTFGWCF,ASSFSQNTEAF,0
RFPLTFGWCF,ASSSPDRHNEKLF,0
RFPLTFGWCF,ASSSRLGRYNEKLF,0
SLFNTVATL,ATKVVASGSYEQF,0
RFPLTFGWCF,ASRPPDSAETLY,0
RTLNAWVKV,AWAKPREIQVSGEKLF,0
RFPLTFGWCF,SLIQGLGTEAF,0
RFPLTFGWCF,ASSQLGRGDNEQF,0
RFPLTFGWCF,ASSALQGWMTEAF,0
FRDYVDRFYKTLRAEQASQE,ASSQDRSGEGYT,0
RTLNAWVKV,ASSPGQGHTDTQY,1
TSTLQEQIGW,ASSPTTGADTQY,1
RFPLTFGWCF,ASSDAGGRNTLY,0
TSTLQEQIGW,ASSLYGGGGWEQY,0
RFPLTFGWCF,ASRVGNTEAF,0
RFPLTFGWCF,ASSQGISSGNTIY,0
RTLNAWVKV,ASSGGGAEAF,0
RFPLTFGWCF,ASSVTSGGYSTDTQY,0
RYPLTFGWCF,AITSGFSYEQY,0
RFPLTFGWCF,ASSQEWLAVSTDTQY,0
SLFNTVATL,ASSSRQGAGDTQY,0
RFPLTFGWCF,ASSFRETQY,0
ILKEPVHGV,ASSPIGEVSPLH,0
RTLNAWVKV,ASRTSGSSYNEQF,1
RYPLTFGW,ASSLQANTEAF,0
RYPLTFGWCF,ASSRRLSNEQF,0
RYPLTFGW,ASGRLSYNEQF,0
RYPLTFGWCF,ASSLGSAGAIPYEQY,0
RYPLTFGWCF,ASSNSLPSGVSYNEQF,0
RTLNAWVKV,SVTGTRGNRVLNEQF,0
RTLNAWVKV,ASSLEASSYNSPLH,0
RFPLTFGWCF,ASSRDLGRDTQY,0
SLFNTVATL,ASSSRDGGTDTQY,0
RFPLTFGWCF,ASSAGVAGSGETQY,0
LNKIVRMYSPTSILD,ASSFRTGGETQY,0
RYPLTFGW,ASSRALGWGLDTEAF,0
RFPLTFGWCF,ASSLGTGITGELF,0
RFPLTFGWCF,ASSLHRANTEVF,0
RGPGRAFVTI,ASGDWEYYAEQF,0
RFPLTFGWCF,ASSPSTGTGGIYEQY,1
RFPLTFGWCF,ASSYTGFLNTGELF,1
RFPLTFGWCF,ASSLVGLPSSYNSPLH,0
RFPLTFGWCF,ASSQEGTGNYGYT,0
TSTLQEQIGW,SARDRVGNTIY,0
TSTLQEQIGW,ASSTRSTDTQY,0
RYPLTFGW,ASSSNRAGHGNEQF,1
LNKIVRMYSPTSILD,ASSPGRTDYGYT,0
SLYNTVATL,ASSARSGEPQH,0
RFPLTFGWCF,ATSGRRDEQF,1
RFPLTFGWCF,ASSQAASGDSYEQY,1
RYPLTFGW,ASSDGTGKPYEQY,1
SLFNTVATL,SVASSEAF,0
RYPLTFGW,ASSFESSAETLY,0
RFPLTFGWCF,SARGPGRGEQY,0
SLYNTIATL,ASSQSKGQGNEKLF,0
RFPLTFGWCF,ASRLGGLGEQY,1
RFPLTFGWCF,ATSRGADSYNEQF,0
SLFNTVATL,ASSIIAGSSYNEQF,0
RFPLTFGWCF,ASSITFKANEAF,0
SLFNTVATL,ASKSEKGAGGSPLH,1
SLFNTVATL,ASSLGQDGYT,1
FRDYVDRFYKTLRAEQASQE,AGARVDTQY,0
RTLNAWVKV,ASSLGDRDDSPLH,0
RFPLTFGWCF,ASSPTSGSYEQY,1
RFPLTFGWCF,ASSYVAGGQETQY,0
RTLNAWVKV,ASSRSGFGGRGYNEQF,0
RTLNAWVKV,SGNPGTSAATQY,0
RYPLTFGWCF,ASSSKWRNTQY,1
RTLNAWVKV,ASSPTGTATLSYT,0
SSADEQIQW,SASGGVGTQY,0
RFPLTFGWCF,ASSGLRDRGLYEQY,0
LNKIVRMYSPTSILD,ASSVWTGEGSGELF,0
RFPLTFGWCF,ASSQASGGLGETQY,0
LNKIVRMYSPTSILD,ASSLLNTEAF,0
RTLNAWVKV,ASGEDSAETLY,0
RFPLTFGWCF,ASSQDRVRYEQY,0
RFPLTFGWCF,ASSHPIGGAETQY,0
RYPLTFGWCF,ADLDGTSSYEQY,1
RTLNAWVKV,ASSGQGAPNSDYT,0
TSTLQEQIGW,ASSFGSGGRAGHEQY,0
RFPLTFGWCF,ASSQGPGTVHEKLF,0
RFPLTFGWCF,ASSSANSGELF,0
RYPLTLGWCF,ASSGRSTDTQY,0
RTLNAWVKV,ASSPLGASAETLY,0
RTLNAWVKV,SARSLGGTEAF,0
SLFNTVATL,ASSEWSGNTGELF,0
RFPLTFGWCF,ASSLVFQGAYGYT,0
RFPLTFGWCF,ASSSKGGGQQTQY,0
RYPLTFGWCF,SSRDGGASYEQY,0
RTLNAWVKV,ASSTLRVGGRTEAF,0
RFPLTFGWCF,ASSDHPYEQY,0
RFPLTFGWCF,ASSPDWTSFNEQF,0
RYPLTFGW,ASSDRDSQQPQH,0
RTLNAWVKV,ASSVEGAGGANVLT,0
TSTLQEQIGW,ASSEQGSSEAF,0
RFPLTFGWCF,AWSPGNYGYT,0
SLFNTVATL,ASSNVLAGGRDTQY,0
RTLNAWVKV,ASSLVRRYEQY,0
RTLNAWVKV,AISDSPNTGELF,1
RTLNAWVKV,ASSPTAPANTGELF,0
RTLNAWVKV,ASSVGGGDYEQY,0
SLFNTVATL,ASSQVKLAGEQY,0
RYPLTFGWCF,ASSSRATDTQY,0
RFPLTFGWCF,ASRPGLMSGRPEQY,0
RYPLTFGW,AWSHPSPLH,0
RTLNAWVKV,ASSSSGQFEAF,0
RYPLTFGWCF,ASRTTGFGFNEQF,0
RFPLTFGWCF,ASRLGPGGPPDTQY,0
RFPLTFGWCF,ASSPSGQPQH,0
SLFNTVATL,ASSPAGGTDTQY,0
TSTLQEQIGW,ASSLLRGAKGGRPSYNEQF,0
RFPLTFGWCF,ASSRERDRDAEQF,0
RTLNAWVKV,ASRDPGTTDYNEQF,0
RTLNAWVKV,ASSLIEQQPQH,0
RYPLTFGWCF,SASLARDQPQH,0
RTLNAWVKV,ASSLDSAETLY,0
RTLNAWVKV,ASSSAGYEQY,0
RYPLTFGW,ASSYSLGLDFYNEQF,0
RYPLTFGW,ASSPPQGAVVEQF,0
RYPLTFGW,ASSGYNEQF,0
RFPLTFGWCF,ASGGGRHEQF,0
RFPLTFGWCF,ASSKRSNQPQH,0
SLYNTVATL,ASSDTVSYEQY,1
SLFNTVATL,SARNRDTYYNEQF,0
SLFNTVATL,ASSIYTADEQF,0
RYPLTFGW,ASSSRDNVPETQY,1
RFPLTFGWCF,ASSPGTAAGLTYEQY,1
RFPLTFGWCF,ASSDSYSPNTEAF,0
SLFNTVATL,ASSLSGTTNTEVF,0
RFPLTFGWCF,ASSMGWTGVVYEQY,0
RYPLTFGWCF,ASSDGGKDGYT,0
SSVDEQIQW,ASSIIAGSSYNEQF,0
RTLNAWVKV,ASSLGTGGSYEQY,0
RFPLTFGWCF,ASSIGRSEQF,0
RFPLTFGWCF,ASSTTGTGLLEQY,0
SLFNTVATL,ASSLRLATGGELF,0
TSTLQEQIGW,ASSPLNSGTGNEQF,1
SLFNTVATL,ASGETGGNYAEQF,0
RFPLTFGWCF,SARDVHRGIEQY,0
RTLNAWVKV,ASTGSYGYT,0
SLFNTVATL,SVEQMNTEAF,0
RFPLTFGWCF,ASSQETQGRNYGYT,0
RTLNAWVKV,ASESDGTDEYSNQPQH,0
RYPLTFGWCF,ASSLGSYNSPLY,0
RTLNAWVKV,ASSPWTGARWEQY,0
RFPLTFGWCF,ASSLIRGQGGLRDRGEQF,0
LNKIVRMYSPTSILD,ASSWDSNYGYT,1
RTLNAWVKV,ASSNIQGAPNIQY,0
TSTLQEQIGW,ASSVGSDGSNQPQH,0
RTLNAWVKV,ASSVGTGELF,1
SSADEQIQW,ASSPMNEQF,0
RFPLTFGWCF,ASSLGMRGGWDEQF,0
RYPLTFGW,ASSLWEKLAKNIQY,0
RFPLTFGWCF,ASSPFNTEAF,0
RFPLTFGWCF,ASASRLADTDTQY,1
RFPLTFGWCF,ANREGGTDTQY,0
RFPLTFGWCF,ASSPWMGRGNTIY,0
RYPLTFGW,ASSIGDSAETLY,0
RYPLTFGW,AWRTGIGTDTQY,0
RFPLTFGWCF,SAREPGRQFAFAALH,0
RFPLTFGWCF,AWRQGVGYT,0
RFPLTFGWCF,ASSFGRLSGANVLT,0
RFPLTFGWCF,SAFPGGDTEAF,0
RFPLTFGWCF,ASSLEITSGNTIY,0
RFPLTFGWCF,ASSFRSGDGYT,0
RTLNAWVKV,SARVPGGLGEKLF,0
RFPLTFGWCF,ASSPQGYEQY,1
RTLNAWVKV,ATSRDHNAWYEQY,0
RYPLTFGW,ATSGGMGAEAF,0
SLFNTVATL,ASSIGSGEAF,0
RFPLTFGWCF,ASSLDWGNYAEQF,0
RTLNAWVKV,ASSLIQGAVDTQY,0
RFPLTFGWCF,ASGGSSYEQY,0
LNKIVRMYSPTSILD,ASSLVGQGYTEAF,0
RFPLTFGWCF,ASSLPLAGARAYEQY,1
RFPLTFGWCF,ASSIRSGYEQF,0
SLFNTVATL,ASSSGLVSNTGELF,0
RTLNAWVKV,AWKNLFPRTDTQY,0
RFPLTFGWCF,ASSVGTGGNEQY,0
RFPLTFGWCF,ASSLGLAGPIGNEQF,0
RTLNAWVKV,ASSPNAGTGETYEQY,0
RFPLTFGWCF,SAYSTGQGIYEQY,1
RYPLTFGW,ASSLVRGSNQPQH,0
TSTLQEQIGW,SASIGQLSSYNEQF,0
RFPLTFGWCF,ASSLGGGAYEQY,0
RYPLTFGWCF,AVGAGATYEQY,0
RFPLTFGWCF,ASIASRYNQPQH,0
SLFNTVATL,SARDFRSPTNEKLF,0
RYPLTFGW,ASSFLDSAETLY,0
RTLNAWVKV,ASSPPIRGRARYEQY,0
SLFNTVATL,AIAVGQGIGGYT,0
RYPLTFGWCF,ASRGTDSAETLY,0
RYPLTFGWCF,ASSEGFGQGGIEQF,1
SLFNTVATL,ASSLGGLADPRRVNEQF,0
RYPLTFGWCF,ASSARSSTEQY,0
RFPLTFGWCF,ASMTRLGDSNEKLF,1
RYPLTFGW,ASSSSLGPYGYT,0
SLFNTVATL,AWGSGTVYNEQF,0
RFPLTFGWCF,ASRLSGTNIPPTYGYT,0
RFPLTFGWCF,ASSHATSGGALDTQY,0
SLFNTVATL,ASSIYGGAGDGYT,0
RYPLTFGW,ASSIYPGTDTQY,0
RFPLTFGWCF,ASSLGVTPNEQF,0
RFPLTFGWCF,ASSLLVEQF,0
FRDYVDRFYKTLRAEQASQE,ATSRDDSDRDPGGYT,0
RYPLTFGWCF,ASSFYPAGGNSPLH,0
RFPLTFGWCF,SAGSDLAGVVTDTQY,0
ILKEPVHGV,ASRRGLSKTTEAF,0
RFPLTFGWCF,ASGDEGYTQY,0
RFPLTFGWCF,SASPQGLSTGELF,0
TSTLQEQIGW,ASSVVGSTDTQY,0
SLFNTVATL,ASSQEEGPVGYT,0
RFPLTFGWCF,ASSSPSGPLLSGANVLT,0
RYPLTFGWCF,ASSPHLRKGLEPQH,1
SLFNTVATL,ASSRSGNSDYT,0
TSTLQEQIGW,ASSLSGASTDTQY,0
RFPLTFGWCF,AWSSLGRADTQY,0
RFPLTFGWCF,ASSSPQGVSNTEAF,0
TSTLQEQIGW,ASSIGGVVGSDYNEQF,0
RFPLTFGWCF,ASRLSVDSGYEQY,0
SLFNTVATL,ASSLADGGFSYEQY,0
RYPLTFGWCF,ASSSWGGARAEQF,0
RFPLTFGWCF,ASRGGRRNTEAF,1
RFPLTFGWCF,ATSALGDTQY,0
RFPLTFGWCF,ASSSHGNQPQH,0
RTLNAWVKV,ASSPGTAPNEKLF,0
RFPLTFGWCF,ASSPVVPYEQY,0
RTLNAWVKV,ASSLTGTPHQRLAKNIQY,0
RFPLTFGWCF,TCSAGQGGNQAPL,0
RFPLTFGWCF,ASSFGSQETQY,0
RTLNAWVKV,ASSTVGSSGNTIY,1
TAFTIPSI,ASSRGAESYNSPLH,1
RFPLTFGWCF,ASSFPDSAETLY,0
RTLNAWVKV,ASSAEDGATDTQY,0
RFPLTFGWCF,SARDLTSGANNEQF,0
SLYNTVATLY,ASSVNWAGPPQETQY,0
SLFNTVATL,ASSQDNNEQF,0
RTLNAWVKV,ASSLISGYNEQF,0
RFPLTFGWCF,ASSYSLAGGEETQY,1
RYPLTFGW,ASSIYGGAGDGYT,0
RYPLTFGW,ASSFRDSVPETQY,1
RTLNAWVKV,SARDWGYEQY,0
RYPLTFGWCF,ASSLQVGGSYNEQF,0
RFPLTFGWCF,ASFLGPVFPGGYT,0
RFPLTFGWCF,ASGDLGDYEQY,0
RTLNAWVKV,ASSLWTGGHNEQF,0
RYPLTFGWCF,ASSFSSAETLY,0
RYPLTFGW,ASSVLASGSHEQF,0
RYPLTFGWCF,ASSYSHRLGLHEQY,1
RFPLTFGWCF,ASSPRQGVYEQY,1
TSTLQEQIGW,ASSHGKTQY,0
RTLNAWVKV,ASSFGTGNYGYT,0
RTLNAWVKV,ASRDQDRGHQPQH,0
RTLNAWVKV,ASRVSGSLSYNEQF,1
RFPLTFGWCF,ASSHAGTNYYGYT,0
RGPGRAFVTI,ASSLGHTEVF,1
RFPLTFGWCF,ASSSETAVSGELF,0
RYPLTFGWCF,ASSYGTGNQPQH,0
RFPLTFGWCF,ASSPTEGGSSTYEQY,1
SLYNTVATL,ASSWLSNQPQH,0
RFPLTFGWCF,ASSFWGAGEQF,0
RFPLTFGWCF,ATSDNRGQNTEAF,0
RYPLTFGW,ASSGGSNTGQLY,0
SLFNTVATL,ASNPAGEMYEQY,0
RTLNAWVKV,ASSPGPGWVRTDTQY,0
RFPLTFGWCF,ASSHPSGGQNTGELF,0
LNKIVRMYSPTSILD,ASSLVREYNEQF,0
RFPLTFGWCF,ASSAKGLPYNEQF,0
RTLNAWVKV,SVDLEANYGYT,1
SLFNTVATL,ASSAGGGATNEKLF,0
RTLNAWVKV,ASSPGTSETGELF,1
RFPLTFGWCF,ASSLRARLETQY,0
RFPLTFGWCF,ASSLSGYEQY,0
TSTLQEQIGW,ASSPGTSGSDEQF,0
RFPLTFGWCF,ASSLISRTQY,1
SLFNTVATL,ASSLGLDIQY,0
RYPLTFGW,ASNDRLFGTAYQETQY,0
TSTLQEQIGW,ASSQSGTREYEQY,0
RFPLTFGWCF,ASSLSGFEQY,0
RYPLTFGW,ASSLDTDQDTQY,0
RTLNAWVKV,ASSSYTGGLNQPQH,0
RTLNAWVKV,TCSADRVNTEVF,0
SLFNTVATL,ASSIPGSNERLF,0
RTLNAWVKV,ASSPTPTANYGYT,0
RFPLTFGWCF,ASSTPGQGPNYGYT,0
RTLNAWVKV,ASSLSGATYNEQF,1
RFPLTFGWCF,ASIPAGGPGDTQY,0
RFPLTFGWCF,ASSQGTWKTSTDTQY,0
RFPLTFGWCF,ASSSRDRGYEQY,0
RYPLTFGW,SATTLVDSYNEQF,0
RYPLTFGWCF,ASSPMRGALLEQY,0
RFPLTFGWCF,ASSHRTSGRAEEQY,1
RYPLTFGW,ASSFVGLAGNEQF,1
RYPLTFGWCF,ASSQEMAEWTDTQY,0
RFPLTFGWCF,ASSRFGDTEAF,0
RTLNAWVKV,ASSEQYNEQF,0
RYPLTFGWCF,ASSLYTSTDTQY,0
RYPLTFGW,SARDLEVLSYEQY,0
RFPLTFGWCF,ASSSDPRYGYT,0
TSTLQEQIGW,ASSPSGTGFYEQY,0
RTLNAWVKV,ASSSGREIWYEQY,0
RFPLTFGWCF,AYLDRAKSTGELF,1
RTLNAWVKV,ASSLGTSGGTGELF,0
RFPLTFGWCF,TCSAGTGGYNYAEQF,0
SLFNTVATL,ASSLIGGRGVYEQY,0
SLFNTVATL,ASSLGENTEAF,0
RFPLTFGWCF,ASSSWDTGELF,1
FRDYVDRFYKTLRAEQASQE,SALHAVNTEAF,0
RFPLTFGWCF,ASSPRQGANTGELF,0
RTLNAWVKV,ASRGLGGTDSPLH,0
RTLNAWVKV,ASSYGMGQPQH,0
RFPLTFGWCF,ASSQGSGANVLT,0
RTLNAWVKV,ASSAQREGEQF,0
TSTLQEQIGW,ASSQARGGAETQY,1
RYPLTFGW,ASSPRGSPLH,0
TSTLQEQIGW,ASSQSPGGIQY,0
RGPGRAFVTI,ASSLQNSPLH,0
RTLNAWVKV,ASSHGLGWETQY,0
RTLNAWVKV,ASGAGGLNEQF,1
SLFNTVATL,ASSQEGEKLF,1
RYPLTFGWCF,ASSPQGVGQPQH,0
RFPLTFGWCF,ASSQGATGGPPDTQY,0
RFPLTFGWCF,ASSQDVAGGYGYT,0
SLFNTVATL,ASRPGLAGGRPEQY,0
RGPGRAFVTI,ASSWRSDTEAF,0
TSTLQEQIGW,ASSPSGSYNEQF,0
RYPLTFGW,ATGTGTGDNEQF,0
SLFNTVATL,ASSPGQGGNQPQH,0
RYPLTFGWCF,ASSSPPGTGEVLF,0
RYPLTFGW,ASSDGTGNTEAF,0
RTLNAWVKV,ASSLDRWQRLPNYGYT,0
SLFNTVATL,ASSQVAGEREKLF,0
RFPLTFGWCF,ASSEAGHSDYT,0
RYPLTFGW,ASSQGSDEQY,0
RFPLTFGWCF,ASSSPTILTDTQY,0
RYPLTFGW,ASSQGGDRGESEAF,0
SLFNTVATL,ASTEDDSGFNEQF,0
RYPLTFGWCF,SARLLDTNYEQY,0
RYPLTFGW,ASSIGRLAGVTGELF,0
TAFTIPSI,ASSHTGDTGELF,0
RFPLTFGWCF,ASAFYSNQPQH,0
RFPLTFGWCF,AIPGRATGELF,0
RTLNAWVKV,ASSEQGGGYT,0
RYPLTFGW,SARDPIRLISYEQY,1
RTLNAWVKV,ASSFAGDEQY,1
SLFNTVATL,ASSLDGLGAF,1
FRDYVDRFYKTLRAEQASQE,ASGDIEQF,0
RFPLTFGWCF,ASSEDLWGIMNTGELF,0
KRWIIMGLNK,ASSYSRLAGYNEQF,0
RYPLTFGWCF,SARDRAGKETQY,0
RFPLTFGWCF,ASSPRAGGTDTQY,0
RFPLTFGWCF,ASSQEHLGLVGEQF,1
SLFNTVATL,ASRFQGLTEAF,0
RFPLTFGWCF,ASSPPHRGTEAF,0
SLFNTVATL,ASSGGANTGQLY,0
RTLNAWVKV,ASSPLDSAETLY,0
RYPLTFGWCF,ASSSRVQGSYNEQF,0
RFPLTFGWCF,ASSQTSGGTYEQY,1
RFPLTFGWCF,ASSLERDGYT,0
SLFNTVATL,ASSLAGGEAF,0
TSTLQEQIGW,ASSPPARQETQY,0
SLFNTVATL,ASRDRSQYEQY,0
RTLNAWVKV,SVRAPLGELF,0
RFPLTFGWCF,ASSRGTIHSNTEVF,0
RFPLTFGWCF,ASSLADSEQY,0
RYPLTFGW,ASSPGTGGVTEVF,0
RFPLTFGWCF,ASSGRSTDTQY,0
RFPLTFGWCF,ASSPGTAAGLTYEQY,1
RFPLTFGWCF,ASSAGTGSYEQY,0
RFPLTFGWCF,AIVYRGQPSGANVLT,1
RYPLTFGW,ASSLGQGTTNGYT,0
RYPLTFGW,ASSEAGTSYYNEQF,0
RFPLTFGWCF,ASSQGPDSRETQY,0
RTLNAWVKV,SVSQSYGYT,1
RFPLTFGWCF,ASSTYASGAISYEQY,0
RFPLTFGWCF,ASSPGTEAF,1
RFPLTFGWCF,SASRQGSSREQY,0
TAFTIPSI,ASSLAGVEAF,0
RFPLTFGWCF,ASRPLTGRVHDTQY,0
SLFNTVATL,ASSISGGILYEQY,0
RFPLTFGWCF,ASGDNSAETL,0
RYPLTFGW,ASSDLLDGKETQY,0
RTLNAWVKV,ASSDKGAFGYT,0
TSTLQEQIGW,ASSEPQTSGNTGELF,0
RTLNAWVKV,ASSPPGYTEAF,0
RFPLTFGWCF,ASSIDQGGRVYEAF,0
SLFNTVATL,ASSPSRNTEAF,0
RYPLTFGW,ASRTSGNKNIQY,0
RFPLTFGWCF,ASSMGLRGYEQY,0
SSVDEQIQW,ASSLWLASQNT,1
RFPLTFGWCF,ASSQEGTSGRLYEQY,0
TSTLQEQIGW,ASSSGLAGGPKHYEQY,0
RFPLTFGWCF,ASRWGVLNIQY,0
RFPLTFGWCF,ASSQGGDRGESEAF,0
SLYNTVATL,ASSVDVGLYNEQF,0
RYPLTFGW,ASSEAPSDYEQY,1
TSTLQEQIGW,SARGDRGGSSYNEQF,0
RYPLTFGW,ASSLFASGLAGYEQY,0
RTLNAWVKV,ATSDPNTEAF,0
TSTLQEQIGW,ASSEGTGTNYGYT,0
RYPLTFGW,AISESNSNTGELF,0
RFPLTFGWCF,GARANTEVF,0
RYPLTFGW,ATSDGTGVYNEQF,0
RFPLTFGWCF,ASSYSGTSGIYEQY,0
RFPLTFGWCF,ASSLGQGLINYEQY,0
RFPLTFGWCF,ASSQSAGGGEEQY,0
RFPLTFGWCF,TCSVPGQRNSDYT,0
SLFNTVATL,ASSYYLAGTSIYEQY,0
RTLNAWVKV,ASSPGQGLAYEQY,0
RFPLTFGWCF,ASSTRSAYEQY,0
RTLNAWVKV,ATSPRQGQNQPQH,0
RYPLTFGW,ASSIETGGYYGYT,0
RYPLTFGW,ASSVALLGGEIY,0
RTLNAWVKV,ASSSEAGARETQY,0
RTLNAWVKV,ASSLLGYPMRDTQY,0
RYPLTFGW,ASSQRPSEVGELF,0
RFPLTFGWCF,ASSLIQESEQY,0
DRFYKTLRAEQASQEV,ASSDGRYSNQPQH,0
SSVDEQIQW,ASRGAASAETLY,0
RFPLTFGWCF,ASSPRGSPLH,0
RYPLTFGWCF,ASSVRSSMNTEAF,0
RTLNAWVKV,ASSVRLAGGVIDEQF,0
RYPLTFGW,ASSSRSAYEQY,0
RFPLTFGWCF,ASSHASGQGDSYEQY,1
RFPLTFGWCF,ASSERPGQGAPENTGELF,0
TSTLQEQIGW,ASSYFGNPVQF,0
RYPLTFGWCF,ASSTGLSGNTIY,0
RFPLTFGWCF,AISESDRTYGYT,0
SLFNTVATL,ATSRDVVFGTGGGPYNSPLH,0
RFPLTFGWCF,ASSPETGATNEKLF,0
RFPLTFGWCF,ASSIFYSSTDTQY,0
RFPLTFGWCF,ASSLRIAGAGDTQY,0
RTLNAWVKV,ASSLRTSGSFTDTQY,0
RYPLTFGW,SARDFSGSTDTQY,0
RYPLTFGW,ASSHRDSQETQY,1
RFPLTFGWCF,ASSLTSNSDYT,0
SLFNTVATL,ASSLYGGESQETQY,0
SLFNTVATL,ASSDSSTDTQY,0
SLFNTVATL,ASSLEWGGETQY,1
RYPLTLGWCF,ASSSNPIVPQETQY,0
RFPLTFGWCF,ASSPSADQETQY,0
RFPLTFGWCF,ASSSLAVTGSYEQY,0
RFPLTFGWCF,ASRAGREAF,0
RFPLTFGWCF,ASSPPDSFTQY,0
SLFNTVATL,ASSIRGANQPQH,0
RYPLTFGW,ASSFGANTEAF,0
RTLNAWVKV,ASRRGPVGDTQY,0
RYPLTFGW,ASSQGERLF,0
RYPLTFGW,SARGSGLERSSYNEQF,0
RYPLTFGW,ATSRDVTGSNQPQH,0
RYPLTFGWCF,ASSIIAGSSYNEQF,0
RFPLTFGWCF,ASSRRDRGDTQY,1
RFPLTFGWCF,ASSLGYGYT,0
RTLNAWVKV,ASGGGGTLY,0
RFPLTFGWCF,ASSQVFGTPTPQH,0
RFPLTFGWCF,ASSIGQGAYEQF,0
RTLNAWVKV,ASSLDGGQGLEQY,0
RFPLTFGWCF,ASRALLGGATEAF,0
RYPLTFGW,ASSIAPGRETQY,0
RFPLTFGWCF,ASSSTGGGEKDQPQH,0
RFPLTFGWCF,ASSLWGAGELF,0
RFPLTFGWCF,ASSTSGYSSYNEQF,0
RFPLTFGWCF,SARDLTSGSLNEQF,0
RTLNAWVKV,ASSKRQGPSTGELF,0
SLFNTVATL,ASSFSGNTGELF,0
TSTLQEQIGW,ASSQGTTGGVYYGYT,0
TSTLQEQIGW,SARQRDLSYEQY,1
SLFNTVATL,TCSPGLGNEQY,0
RFPLTFGWCF,ASSVGLYSTDTQY,0
RFPLTFGWCF,ASSFFPTGGYHEQY,0
RYPLTFGWCF,ASVGGSGINEQF,0
RFPLTFGWCF,ASRFVAPSDGYNEQF,0
RTLNAWVKV,ASSYPPNGRVEGAF,0
RFPLTFGWCF,ASSPSQGGNTDTQY,0
KRWIIMGLNK,ASSANRGPDTEAF,0
RTLNAWVKV,ASSIGDSYEQY,0
RFPLTFGWCF,ASSLGQQGVNRDWYNEQF,0
RFPLTFGWCF,ASSTSTGTGYGYT,0
RFPLTFGWCF,ASSGDSAETLY,0
RTLNAWVKV,ASSPGTGGWFIFSGANVLT,0
RYPLTFGW,ASGGGTGELF,0
TSTLQEQIGW,ASSVASGRDEQF,0
SLFNTVATL,ASSVGTGGNEQY,0
DRFYKTLRAEQASQEV,ASSLASSGNTLY,0
RFPLTFGWCF,ASSPLNSGTGNEQF,0
RFPLTFGWCF,ASSPMGLSYEQY,0
TSTLQEQIGW,ASSSPQDLEAF,0
RTLNAWVKV,ASSDAPGQLY,0
RTLNAWVKV,ASSYSSYGGHNEQF,1
RTLNAWVKV,ASSQDLVSQPQH,1
RTLNAWVKV,ASSQDPGQGYNEQF,0
RFPLTFGWCF,ASSHASGQGDSYEQY,1
RFPLTFGWCF,ASSPTGPEAF,0
RYPLTFGW,ASSISGTSAYYEQY,0
SLFNTVATL,ASSLGLAGPIGNEQF,0
RFPLTFGWCF,ASSQVAGGLYEQY,1
SLFNTVATL,ASRDQDRGHQPQH,0
RFPLTFGWCF,ASSPRYSSGELF,1
RFPLTFGWCF,ATSDSRLTSGRTDTQY,0
RFPLTFGWCF,ASSPLALQGPRDTQY,0
RFPLTFGWCF,ASSPGTAAGLTYEQY,1
RYPLTFGW,ASSLPRTGKDEQY,0
SLFNTVATL,ASSQDWGNEQF,0
RFPLTFGWCF,ASSLSGQGVSVSTGELF,0
RFPLTFGWCF,ASSVDSYQPQH,0
RFPLTFGWCF,ASSVAGGSYEQF,0
TSTLQEQIGW,ASSDLREGGEQY,0
RTLNAWVKV,ASSVGLYSTDTQY,0
RTLNAWVKV,ASSFGGAGNTIY,0
RYPLTLGWCF,ASSSSYEQY,0
RYPLTFGW,ASSPPGQGYWEQY,0
RYPLTFGW,ASSQDRPGGRPYNEQF,0
RFPLTFGWCF,ASSRLGSSAETLY,0
RFPLTFGWCF,ASSMGDRSMGNIQY,0
RYPLTFGW,ASLISGTDTQY,0
SLFNTVATL,ASLPSGTDTQY,0
RFPLTFGWCF,ASSGPTGIQETQY,0
RFPLTFGWCF,ASSWGGGSHYGYT,0
SLFNTVATL,ASSPKGTDGNSPLH,0
RFPLTFGWCF,ASSTGGRGNQPQH,0
TSTLQEQIGW,ASSEEIGDFPGELF,0
RFPLTFGWCF,ASSGTSGGTYEQY,1
TSTLQEQIGW,SARDRRQGVGYEQY,0
KRWIIMGLNK,ASSVIGSSNEQF,0
RYPLTFGWCF,ATSRDQGIRNTEAF,0
LNKIVRMYSPTSILD,ASSDSNTGELF,0
SSADEQIQW,ASSLWLASQNT,1
RFPLTFGWCF,ASSLGVAGTNTGELF,0
RYPLTFGW,ASSLPGRAPTDTQY,0
RTLNAWVKV,ASRPSGGAETQY,1
RYPLTFGWCF,SVMGRSITDTQY,0
RFPLTFGWCF,ASSQDRGQGGSYEQY,1
RYPLTFGWCF,ASSPVTGGIYGYT,0
RTLNAWVKV,ASSQRRTGPSSTDTQY,1
RYPLTFGW,ASSESPRSATGELF,0
SLYNTVATL,ASSPGLSYEQY,0
RFPLTFGWCF,ASSVGQGLVYEQF,0
RFPLTFGWCF,ASSLSLAGELF,0
RTLNAWVKV,ATRGGAGNEQF,0
SLFNTVATL,SETSGTGFYEQF,0
RTLNAWVKV,ASEEDGMNTEAF,0
RFPLTFGWCF,ASSPTSGSYEQY,1
RYPLTFGWCF,ASSLSGGVTEAF,0
RYPLTFGW,SAPGQGLSEGPTDTQY,0
RFPLTFGWCF,ASSLAADYEQY,0
SLFNTVATL,ASSWGDYAEQF,0
RTLNAWVKV,ASSPPGLVGGELF,0
RTLNAWVKV,ASSPSSGAVDEQF,1
TSTLQEQIGW,ATKGGSEAF,0
TSTLQEQIGW,AISRQGARQETQY,1
LNKIVRMYSPTSILD,ASSGGQETQY,1
SLFNTVATL,ASEGLAGAEQY,0
RYPLTFGW,ASSSLTGLHEQY,0
TSTLQEQIGW,ASSPEDRLHQPQH,0
RTLNAWVKV,ASSQVFSFYGYT,0
RFPLTFGWCF,ASSLGGYRGYT,0
RFPLTFGWCF,ASSLYPAMNTEAF,0
RFPLTFGWCF,ASSQGQGSYFEQF,0
RFPLTFGWCF,ASSLGGGLGNEQF,0
RYPLTFGW,ASSYLTGEGDYGYT,0
RFPLTFGWCF,ASSQEAGTGYNEQF,0
RTLNAWVKV,ASSQDRGGLGEKLF,1
RFPLTFGWCF,ASSLMATDTQY,0
RFPLTFGWCF,ASSPAAVNYGYT,1
RTLNAWVKV,ASSQGGQDGHGTTNEKLF,0
RFPLTFGWCF,ASSQEEESLGYEQY,0
RFPLTFGWCF,ASSFWGSGRDTQY,0
RYPLTFGW,ASSEKDRTVGTDTQY,0
SLFNTVATL,ASSIRSAYEQY,0
RTLNAWVKV,ASSLRSGAGVAQIPQY,0
SLFNTVATL,ASSQTGLAYNSPLH,1
TSTLQEQIGW,ASSQDPSRTYEQY,0
RFPLTFGWCF,ASSPDGTPYGYT,0
RTLNAWVKV,ATSAGLNTEAF,0
SLFNTVATL,ASRASATQY,1
RTLNAWVKV,ASSYIGVKTEAF,0
RFPLTFGWCF,ASKPGLAGYNEQF,0
RFPLTFGWCF,ASSQTSGGTYEQY,1
RFPLTFGWCF,ASSIHSGNQPQH,0
SLFNTVATL,ASTADRGHSNQPQH,0
RTLNAWVKV,ASSGRDRN,0
RTLNAWVKV,AGTAGAGTDTQY,1
SLFNTVATL,ASSLVNGLGYT,0
RFPLTFGWCF,ASSYLGGGDPFSTDTQY,0
RTLNAWVKV,ASSQEQWSGETSNYGYT,1
RTLNAWVKV,AWSATYASTIYGYT,0
ILKEPVHGV,ASSQEDSWGDTQY,1
RFPLTFGWCF,GARDLGSAETLY,0
RTLNAWVKV,ASISPGYNEQF,0
RFPLTFGWCF,AWSVPPGYGYT,0
RTLNAWVKV,ASRPSMWGNSPLH,0
SLYNTVATL,ASSPRTGENEKLF,0
TSTLQEQIGW,ASSLDIEAF,0
RYPLTFGW,ASGAQHTEAF,0
TSTLQEQIGW,ASSYYSGGSTDTQY,0
RFPLTFGWCF,ASSAWDRSSGANVLT,0
RTLNAWVKV,ASSQKERYEQY,0
RTLNAWVKV,SARDLEVLSYEQY,0
TSTLQEQIGW,ASSVVRGEAGNTIY,0
RTLNAWVKV,ASSLTSVYNEQF,1
RTLNAWVKV,ASSLPMLYEQF,0
TAFTIPSI,ASTHLRSGGVYEQY,0
RFPLTFGWCF,TCSDGTGGYNYAEQF,0
RFPLTFGWCF,ASSQGTVLNTEAF,0
ILKEPVHGV,ASSLEGQASSYEQY,0
RTLNAWVKV,ASSWGGASGETQY,0
SLFNTVATL,ASSIGDTSYEQY,0
RTLNAWVKV,ASSQDTSGSGLWTEAF,0
ILKEPVHGV,ATGGGLAGVHPYNEQF,0
RTLNAWVKV,ASSLQGSGTGELF,0
RYPLTFGW,ASSSNRGGPGAQH,1
RFPLTFGWCF,ASSLTFSGGLEQY,0
RFPLTFGWCF,ASSMSAMGTEAF,0
RFPLTFGWCF,ASSLLRGAKGGRPSYNEQF,0
RFPLTFGWCF,ASRASMSSYNEQF,0
RFPLTFGWCF,ASSPRYSSGELF,1
RFPLTFGWCF,ASSGRAAYEQY,0
RFPLTFGWCF,ASSLVTGGGEAF,0
RFPLTFGWCF,ASRESLNEKLF,0
RTLNAWVKV,ASRGQGAASPLH,0
RTLNAWVKV,ASSPTAEAF,0
RFPLTFGWCF,ASSSRTDTAYGYT,0
RFPLTFGWCF,SAETGRDLEAF,0
RTLNAWVKV,ASTLAGGNNEQF,0
SLYNTVATLY,ASSLRDGSEAF,0
RFPLTFGWCF,AISETGVAPNTEAF,0
RTLNAWVKV,ASRASMSSYNEQF,0
RYPLTFGW,ASSVAGEDYEQY,0
RFPLTFGWCF,ASSPDIGWGGEQF,0
RTLNAWVKV,ASSWGGGSHYGYT,0
RTLNAWVKV,ASSVATYSTDTQY,0
RFPLTFGWCF,ASSPTSGSYEQY,1
RYPLTFGWCF,ASREGLSNEQF,0
RFPLTFGWCF,ASSPGTAAGLTYEQY,1
SLFNTVATL,ASSQAIAGGSYEQY,0
RTLNAWVKV,ASSLGVLTEAF,0
RFPLTFGWCF,ASSTGTSRSVQY,0
RYPLTLGWCF,ASSLLSTDTQY,0
RYPLTFGW,ASSPSGGRNEKLF,0
SLFNTVATL,ASSFFGGDSYNEQF,0
RFPLTFGWCF,ASSQAASGDSYEQY,1
SLFNTVATL,AISISELQPQH,0
RTLNAWVKV,ASSHGKTQY,1
TSTLQEQIGW,ASSHPLGSSKREAF,0
RTLNAWVKV,ASSEVEGPGELF,0
RFPLTFGWCF,ASSNRDRPNTGELF,0
RTLNAWVKV,ASSQVPGADTEAF,0
RFPLTFGWCF,ATSRVTGGFYEQY,1
RTLNAWVKV,ASGRRGRTNTGELF,0
LNKIVRMYSPTSILD,SARDRGFFRPGELF,0
SLFNTVATL,ASSQGRDRHGYT,0
RTLNAWVKV,ASSYGGENNSPLH,0
KRWIIMGLNK,ASREGLGGTEAF,1
RTLNAWVKV,ASSLPGQIISGANVLT,0
TSTLQEQIGW,ASSWTGAGYEQY,0
TAFTIPSI,ASLNPGSYEQY,0
SLFNTVATL,ASSRGYNEQF,0
SLFNTVATL,ASRDPGTTDYNEQF,0
TSTLQEQIGW,ASTPIESSTDTQY,0
SLFNTVATL,ASSGLADSTDTQY,0
SLFNTVATL,ASSFMPSAAYEQY,0
RTLNAWVKV,ASSVWTGEGSGELF,0
RFPLTFGWCF,ASRQDGYT,0
RFPLTFGWCF,ASRDSNTGELF,0
RYPLTFGW,ASSYPNNEQF,0
RFPLTFGWCF,ATSRDRGTGSYEQY,0
RFPLTFGWCF,ASSGNDDEQY,0
FRDYVDRFYKTLRAEQASQE,ASSLVSMNTEAF,0
RFPLTFGWCF,ASSRGTGGKETQY,0
RFPLTFGWCF,ASSLAAGQQY,0
RFPLTFGWCF,ASSPRSDSPLH,0
RYPLTFGWCF,ASSWDRGREQY,0
TSTLQEQIGW,ASSGDRGVDAF,0
RFPLTFGWCF,ASSLFRRETIHTDTQY,0
RTLNAWVKV,STPGTNTEAF,0
RFPLTFGWCF,ASSLGLAGPYNEQF,0
LNKIVRMYSPTSILD,ASSFNRGNEQY,0
RFPLTFGWCF,ASSQGHPETLY,0
RTLNAWVKV,ASSLGGGPQETQY,0
FRDYVDRFYKTLRAEQASQE,ASSRRTSGGADTQY,1
RFPLTFGWCF,ASSPDRVFEAF,0
RYPLTFGW,ASSFGTGAGYT,0
SLFNTVATL,ASSPLPRLAGEETQY,1
RFPLTFGWCF,ASSTSTGGGQPQH,0
RTLNAWVKV,ASSAGQGSGNTIY,0
RTLNAWVKV,ASSPDGSYEQY,0
RYPLTFGW,SVEASGRTYNEQF,0
RYPLTFGWCF,ASSISAGEGVPEQY,1
RYPLTFGW,ASSDSIGGNEQF,0
TAFTIPSI,ASSLGGREQY,0
SLFNTVATL,ASSFGERLF,0
RFPLTFGWCF,SARDVPGSIGGYT,0
RFPLTFGWCF,ASSILAGAYEQY,0
RFPLTFGWCF,SASRQMNTEAF,0
RYPLTFGW,ASSPTILVEAYTGELF,0
RFPLTFGWCF,ASSSEAGARETQY,0
ILKEPVHGV,ASSQDDGLAGYSTDTQY,0
RFPLTFGWCF,ASSIRSDEKLF,0
FRDYVDRFYKTLRAEQASQE,ASSFGQGTDTQY,0
RYPLTFGW,SALSDRDYEQY,0
TSTLQEQIGW,ASSLNGGNSYEQY,0
RTLNAWVKV,ASSYSGTNNEQF,0
RTLNAWVKV,ASSLLGQQF,0
RYPLTFGW,ASSQALSASLSYNEQF,0
FRDYVDRFYKTLRAEQASQE,ASSRLAGGMDEQF,1
SLYNTIATL,ASSSQTDTQY,0
RYPLTFGW,ASSLGAINQPQH,0
RTLNAWVKV,ASSIIAGSSYNEQF,0
RYPLTFGW,ASLPSGTDTQY,0
SSVDEQIQW,SARYREFEKLF,0
RFPLTFGWCF,ASSFSGNTGELF,0
RTLNAWVKV,ASSISTGGNTEAF,0
RFPLTFGWCF,ASSSRTSGRSADTQY,1
RFPLTFGWCF,ASSYSSDRSSYEQY,0
RTLNAWVKV,ASSIGEIEQF,0
LNKIVRMYSPTSILD,ASSPHTEAF,0
RYPLTFGW,ASSLGTWELF,0
SLYNTVATL,ASSSLRVGAGPGQPQH,0
RFPLTFGWCF,ASSLKQSPHTEAF,0
SLYNTVATL,ASSEAGGEQY,0
RYPLTFGW,ATTAAGGLNTEAF,0
SLFNTVATL,ASSLAPSGGDEQY,0
RFPLTFGWCF,ASSPGQLSNTGELF,0
RTLNAWVKV,AWGSGLGYGYT,0
RFPLTFGWCF,ASSILDREYEQF,0
RTLNAWVKV,ASRTGLASTDTQY,0
RYPLTFGW,ASSSRDRVFEAF,1
RFPLTFGWCF,ASSLDGTEYYNEQF,0
RFPLTFGWCF,ASRQGATYEQY,0
RFPLTFGWCF,ASSLSGGNTGELF,0
SLFNTVATL,ASSEDGTGSTDTQY,0
RFPLTFGWCF,ASSILGTVGNTIY,0
RYPLTFGW,ASRPGAGGNVLT,0
TAFTIPSI,ASSFPLQGQGEAF,0
RTLNAWVKV,ASSTDRAAQPQH,1
RTLNAWVKV,ASSPGVRWGQY,0
TSTLQEQIGW,ASTPKGTSQETQY,0
RFPLTFGWCF,ASSASTEAF,1
RFPLTFGWCF,ASSIRSAYEQY,0
RTLNAWVKV,ASGDFWGDTLY,0
RTLNAWVKV,ASSHWTGMNTEAF,0
RFPLTFGWCF,ASSLGGRGSYGYT,0
SSADEQIQW,ASSPGQEVYEQY,0
DRFYKTLRAEQASQEV,ASSQDRGYQPQH,0
RYPLTFGW,ASGAGGLNEQF,0
RTLNAWVKV,ASSSGGDTQY,0
RYPLTFGWCF,ASSYSLFGAGGSGANVLT,0
RFPLTFGWCF,ATTSGSSYNEQF,0
RGPGRAFVTI,ASGLAVNTEAF,0
RTLNAWVKV,ATKTGIGYT,0
TSTLQEQIGW,ASSESISYEQY,0
RYPLTFGW,ASSIGRGMDYEQY,0
RFPLTFGWCF,ASSLPLLAGGSTDTQY,0
RYPLTFGW,ASSLVIAGSGNTIY,0
RTLNAWVKV,ASSGPGGVDEQY,0
RYPLTFGW,ASTRDRPTLGYT,0
RFPLTFGWCF,ASSDTPDLNTEAF,0
TSTLQEQIGW,ASSLGTSGGVTYEQY,0
RYPLTFGW,ASSSPSSEAF,0
RFPLTFGWCF,ANRGPQGANYGYT,1
RTLNAWVKV,ASSFRSTDTQY,0
RYPLTFGWCF,ASSFRDSAETLY,0
RTLNAWVKV,ASSYSQIVRGSGRQETQY,0
RTLNAWVKV,ASSYRFDSPLH,0
RFPLTFGWCF,SARDIERTGELF,0
RFPLTFGWCF,ASSPDAEQF,0
RFPLTFGWCF,ASSMSGWGDTQY,0
RFPLTFGWCF,ASSEEGVAGVFNEQF,0
RYPLTFGWCF,ASFYRDTQY,0
