variant,antibody_name,prediction_score,gt_binds,Heavy,Light,variant_seq,s2dd_distance
omicron,LY-CoV1404,0.9587050080299376,1,QITLKESGPTLVKPTQTLTLTCTFSGFSLSISGVGVGWLRQPPGKALEWLALIYWDDDKRYSPSLKSRLTISKDTSKNQVVLKMTNIDPVDTATYYCAHHSISTIFDHWGQGTLVTVSS,QSALTQPASVSGSPGQSITISCTATSSDVGDYNYVSWYQQHPGKAPKLMIFEVSDRPSGISNRFSGSKSGNTASLTISGLQAEDEADYYCSSYTTSSAVFGGGTKLTVL,RVQPTESIVRFPNITNLCPFDEVFNATRFASVYAWNRKRISNCVADYSVLYNLAPFFTFKCYGVSPTKLNDLCFTNVYADSFVIRGDEVRQIAPGQTGNIADYNYKLPDDFTGCVIAWNSNKLDSKVSGNYNYLYRLFRKSNLKPFERDISTEIYQAGNKPCNGVAGFNCYFPLRSYSFRPTYGVGHQPYRVVVLSFELLHAPATVCGPKKSTNLVKNKCVNF,0.4668994023923405
omicron,LY-CoV016,0.1470780074596405,0,EVQLVESGGGLVQPGGSLRLSCAASGFTVSSNYMSWVRQAPGKGLEWVSVIYSGGSTFYADSVKGRFTISRDNSMNTLFLQMNSLRAEDTAVYYCARVLPMYGDYLDYWGQGTLVTVSS,DIVMTQSPSSLSASVGDRVTITCRASQSISRYLNWYQQKPGKAPKLLIYAASSLQSGVPSRFSGSGSGTDFTLTISSLQPEDFATYYCQQSYSTPPEYTFGQGTKLEIK,RVQPTESIVRFPNITNLCPFDEVFNATRFASVYAWNRKRISNCVADYSVLYNLAPFFTFKCYGVSPTKLNDLCFTNVYADSFVIRGDEVRQIAPGQTGNIADYNYKLPDDFTGCVIAWNSNKLDSKVSGNYNYLYRLFRKSNLKPFERDISTEIYQAGNKPCNGVAGFNCYFPLRSYSFRPTYGVGHQPYRVVVLSFELLHAPATVCGPKKSTNLVKNKCVNF,-1.1850248817138076
omicron,LY-CoV555,0.9605220556259156,0,QVQLVQSGAEVKKPGSSVKVSCKASGGTFSNYAISWVRQAPGQGLEWMGRIIPILGIANYAQKFQGRVTITADKSTSTAYMELSSLRSEDTAVYYCARGYYEARHYYYYYAMDVWGQGTAVTVSS,DIQMTQSPSSLSASVGDRVTITCRASQSISSYLSWYQQKPGKAPKLLIYAASSLQSGVPSRFSGSGSGTDFTLTITSLQPEDFATYYCQQSYSTPRTFGQGTKVEIK,RVQPTESIVRFPNITNLCPFDEVFNATRFASVYAWNRKRISNCVADYSVLYNLAPFFTFKCYGVSPTKLNDLCFTNVYADSFVIRGDEVRQIAPGQTGNIADYNYKLPDDFTGCVIAWNSNKLDSKVSGNYNYLYRLFRKSNLKPFERDISTEIYQAGNKPCNGVAGFNCYFPLRSYSFRPTYGVGHQPYRVVVLSFELLHAPATVCGPKKSTNLVKNKCVNF,-1.8094181596360381
BA2,LY-CoV1404,0.7207465767860413,1,QITLKESGPTLVKPTQTLTLTCTFSGFSLSISGVGVGWLRQPPGKALEWLALIYWDDDKRYSPSLKSRLTISKDTSKNQVVLKMTNIDPVDTATYYCAHHSISTIFDHWGQGTLVTVSS,QSALTQPASVSGSPGQSITISCTATSSDVGDYNYVSWYQQHPGKAPKLMIFEVSDRPSGISNRFSGSKSGNTASLTISGLQAEDEADYYCSSYTTSSAVFGGGTKLTVL,RVQPTESIVRFPNITNLCPFDEVFNATRFASVYAWNRKRISNCVADYSVLYNFAPFFAFKCYGVSPTKLNDLCFTNVYADSFVIRGNEVSQIAPGQTGNIADYNYKLPDDFTGCVIAWNSNKLDSKVGGNYNYLYRLFRKSNLKPFERDISTEIYQAGNKPCNGVAGFNCYFPLQSYSFRPTYGVGHQPYRVVVLSFELLHAPATVCGPKKSTNLVKNKCVNF,0.3450769955039481
BA2,LY-CoV016,0.0070927441120147,0,EVQLVESGGGLVQPGGSLRLSCAASGFTVSSNYMSWVRQAPGKGLEWVSVIYSGGSTFYADSVKGRFTISRDNSMNTLFLQMNSLRAEDTAVYYCARVLPMYGDYLDYWGQGTLVTVSS,DIVMTQSPSSLSASVGDRVTITCRASQSISRYLNWYQQKPGKAPKLLIYAASSLQSGVPSRFSGSGSGTDFTLTISSLQPEDFATYYCQQSYSTPPEYTFGQGTKLEIK,RVQPTESIVRFPNITNLCPFDEVFNATRFASVYAWNRKRISNCVADYSVLYNFAPFFAFKCYGVSPTKLNDLCFTNVYADSFVIRGNEVSQIAPGQTGNIADYNYKLPDDFTGCVIAWNSNKLDSKVGGNYNYLYRLFRKSNLKPFERDISTEIYQAGNKPCNGVAGFNCYFPLQSYSFRPTYGVGHQPYRVVVLSFELLHAPATVCGPKKSTNLVKNKCVNF,-1.1850248817138076
BA2,LY-CoV555,0.8867625594139099,0,QVQLVQSGAEVKKPGSSVKVSCKASGGTFSNYAISWVRQAPGQGLEWMGRIIPILGIANYAQKFQGRVTITADKSTSTAYMELSSLRSEDTAVYYCARGYYEARHYYYYYAMDVWGQGTAVTVSS,DIQMTQSPSSLSASVGDRVTITCRASQSISSYLSWYQQKPGKAPKLLIYAASSLQSGVPSRFSGSGSGTDFTLTITSLQPEDFATYYCQQSYSTPRTFGQGTKVEIK,RVQPTESIVRFPNITNLCPFDEVFNATRFASVYAWNRKRISNCVADYSVLYNFAPFFAFKCYGVSPTKLNDLCFTNVYADSFVIRGNEVSQIAPGQTGNIADYNYKLPDDFTGCVIAWNSNKLDSKVGGNYNYLYRLFRKSNLKPFERDISTEIYQAGNKPCNGVAGFNCYFPLQSYSFRPTYGVGHQPYRVVVLSFELLHAPATVCGPKKSTNLVKNKCVNF,-1.8094181596360381
BA4,LY-CoV1404,0.9843361377716064,1,QITLKESGPTLVKPTQTLTLTCTFSGFSLSISGVGVGWLRQPPGKALEWLALIYWDDDKRYSPSLKSRLTISKDTSKNQVVLKMTNIDPVDTATYYCAHHSISTIFDHWGQGTLVTVSS,QSALTQPASVSGSPGQSITISCTATSSDVGDYNYVSWYQQHPGKAPKLMIFEVSDRPSGISNRFSGSKSGNTASLTISGLQAEDEADYYCSSYTTSSAVFGGGTKLTVL,RVQPTESIVRFPNITNLCPFDEVFNATRFASVYAWNRKRISNCVADYSVLYNFAPFFAFKCYGVSPTKLNDLCFTNVYADSFVIRGNEVSQIAPGQTGKIADYNYKLPDDFTGCVIAWNSNKLDSKVGGNYNYRYRLFRKSNLKPFERDISTEIYQAGNKPCNGVAGVNCYFPLQSYSFRPTYGVGHQPYRVVVLSFELLHAPATVCGPKKSTNLVKNKCVNF,0.34908387543456254
BA4,LY-CoV016,0.3547313213348389,0,EVQLVESGGGLVQPGGSLRLSCAASGFTVSSNYMSWVRQAPGKGLEWVSVIYSGGSTFYADSVKGRFTISRDNSMNTLFLQMNSLRAEDTAVYYCARVLPMYGDYLDYWGQGTLVTVSS,DIVMTQSPSSLSASVGDRVTITCRASQSISRYLNWYQQKPGKAPKLLIYAASSLQSGVPSRFSGSGSGTDFTLTISSLQPEDFATYYCQQSYSTPPEYTFGQGTKLEIK,RVQPTESIVRFPNITNLCPFDEVFNATRFASVYAWNRKRISNCVADYSVLYNFAPFFAFKCYGVSPTKLNDLCFTNVYADSFVIRGNEVSQIAPGQTGKIADYNYKLPDDFTGCVIAWNSNKLDSKVGGNYNYRYRLFRKSNLKPFERDISTEIYQAGNKPCNGVAGVNCYFPLQSYSFRPTYGVGHQPYRVVVLSFELLHAPATVCGPKKSTNLVKNKCVNF,-1.1850248817138076
BA4,LY-CoV555,0.9747533798217772,0,QVQLVQSGAEVKKPGSSVKVSCKASGGTFSNYAISWVRQAPGQGLEWMGRIIPILGIANYAQKFQGRVTITADKSTSTAYMELSSLRSEDTAVYYCARGYYEARHYYYYYAMDVWGQGTAVTVSS,DIQMTQSPSSLSASVGDRVTITCRASQSISSYLSWYQQKPGKAPKLLIYAASSLQSGVPSRFSGSGSGTDFTLTITSLQPEDFATYYCQQSYSTPRTFGQGTKVEIK,RVQPTESIVRFPNITNLCPFDEVFNATRFASVYAWNRKRISNCVADYSVLYNFAPFFAFKCYGVSPTKLNDLCFTNVYADSFVIRGNEVSQIAPGQTGKIADYNYKLPDDFTGCVIAWNSNKLDSKVGGNYNYRYRLFRKSNLKPFERDISTEIYQAGNKPCNGVAGVNCYFPLQSYSFRPTYGVGHQPYRVVVLSFELLHAPATVCGPKKSTNLVKNKCVNF,-1.8094181596360381
omicron,REGN10933,0.6728405952453613,0,QVQLVESGGGLVKPGGSLRLSCAASGFTFSDYYMSWIRQAPGKGLEWVSYITYSGSTIYYADSVKGRFTISRDNAKSSLYLQMNSLRAEDTAVYYCARDRGTTMVPFDYWGQGTLVTVSS,DIQMTQSPSSLSASVGDRVTITCQASQDITNYLNWYQQKPGKAPKLLIYAASNLETGVPSRFSGSGSGTDFTFTISGLQPEDIATYYCQQYDNLPLTFGGGTKVEIK,RVQPTESIVRFPNITNLCPFDEVFNATRFASVYAWNRKRISNCVADYSVLYNLAPFFTFKCYGVSPTKLNDLCFTNVYADSFVIRGDEVRQIAPGQTGNIADYNYKLPDDFTGCVIAWNSNKLDSKVSGNYNYLYRLFRKSNLKPFERDISTEIYQAGNKPCNGVAGFNCYFPLRSYSFRPTYGVGHQPYRVVVLSFELLHAPATVCGPKKSTNLVKNKCVNF,-0.9911573616228995
BA2,REGN10933,0.1933568120002747,0,QVQLVESGGGLVKPGGSLRLSCAASGFTFSDYYMSWIRQAPGKGLEWVSYITYSGSTIYYADSVKGRFTISRDNAKSSLYLQMNSLRAEDTAVYYCARDRGTTMVPFDYWGQGTLVTVSS,DIQMTQSPSSLSASVGDRVTITCQASQDITNYLNWYQQKPGKAPKLLIYAASNLETGVPSRFSGSGSGTDFTFTISGLQPEDIATYYCQQYDNLPLTFGGGTKVEIK,RVQPTESIVRFPNITNLCPFDEVFNATRFASVYAWNRKRISNCVADYSVLYNFAPFFAFKCYGVSPTKLNDLCFTNVYADSFVIRGNEVSQIAPGQTGNIADYNYKLPDDFTGCVIAWNSNKLDSKVGGNYNYLYRLFRKSNLKPFERDISTEIYQAGNKPCNGVAGFNCYFPLQSYSFRPTYGVGHQPYRVVVLSFELLHAPATVCGPKKSTNLVKNKCVNF,-0.9911573616228996
BA4,REGN10933,0.7288131713867188,0,QVQLVESGGGLVKPGGSLRLSCAASGFTFSDYYMSWIRQAPGKGLEWVSYITYSGSTIYYADSVKGRFTISRDNAKSSLYLQMNSLRAEDTAVYYCARDRGTTMVPFDYWGQGTLVTVSS,DIQMTQSPSSLSASVGDRVTITCQASQDITNYLNWYQQKPGKAPKLLIYAASNLETGVPSRFSGSGSGTDFTFTISGLQPEDIATYYCQQYDNLPLTFGGGTKVEIK,RVQPTESIVRFPNITNLCPFDEVFNATRFASVYAWNRKRISNCVADYSVLYNFAPFFAFKCYGVSPTKLNDLCFTNVYADSFVIRGNEVSQIAPGQTGKIADYNYKLPDDFTGCVIAWNSNKLDSKVGGNYNYRYRLFRKSNLKPFERDISTEIYQAGNKPCNGVAGVNCYFPLQSYSFRPTYGVGHQPYRVVVLSFELLHAPATVCGPKKSTNLVKNKCVNF,-0.9911573616228996
omicron,AZD-1061,0.9999130964279176,1,EVQLVESGGGLVKPGGSLRLSCAASGFTFRDVWMSWVRQAPGKGLEWVGRIKSKIDGGTTDYAAPVKGRFTISRDDSKNTLYLQMNSLKTEDTAVYYCTTAGSYYYDTVGPGLPEGKFDYWGQGTLVTVSS,DIVMTQSPDSLAVSLGERATINCKSSQSVLYSSNNKNYLAWYQQKPGQPPKLLMYWASTRESGVPDRFSGSGSGAEFTLTISSLQAEDVAIYYCQQYYSTLTFGGGTKVEIK,RVQPTESIVRFPNITNLCPFDEVFNATRFASVYAWNRKRISNCVADYSVLYNLAPFFTFKCYGVSPTKLNDLCFTNVYADSFVIRGDEVRQIAPGQTGNIADYNYKLPDDFTGCVIAWNSNKLDSKVSGNYNYLYRLFRKSNLKPFERDISTEIYQAGNKPCNGVAGFNCYFPLRSYSFRPTYGVGHQPYRVVVLSFELLHAPATVCGPKKSTNLVKNKCVNF,-0.4936215088425875
BA2,AZD-1061,0.9999130964279176,1,EVQLVESGGGLVKPGGSLRLSCAASGFTFRDVWMSWVRQAPGKGLEWVGRIKSKIDGGTTDYAAPVKGRFTISRDDSKNTLYLQMNSLKTEDTAVYYCTTAGSYYYDTVGPGLPEGKFDYWGQGTLVTVSS,DIVMTQSPDSLAVSLGERATINCKSSQSVLYSSNNKNYLAWYQQKPGQPPKLLMYWASTRESGVPDRFSGSGSGAEFTLTISSLQAEDVAIYYCQQYYSTLTFGGGTKVEIK,RVQPTESIVRFPNITNLCPFDEVFNATRFASVYAWNRKRISNCVADYSVLYNFAPFFAFKCYGVSPTKLNDLCFTNVYADSFVIRGNEVSQIAPGQTGNIADYNYKLPDDFTGCVIAWNSNKLDSKVGGNYNYLYRLFRKSNLKPFERDISTEIYQAGNKPCNGVAGFNCYFPLQSYSFRPTYGVGHQPYRVVVLSFELLHAPATVCGPKKSTNLVKNKCVNF,-0.47920377987694124
BA4,AZD-1061,0.9999687671661376,0,EVQLVESGGGLVKPGGSLRLSCAASGFTFRDVWMSWVRQAPGKGLEWVGRIKSKIDGGTTDYAAPVKGRFTISRDDSKNTLYLQMNSLKTEDTAVYYCTTAGSYYYDTVGPGLPEGKFDYWGQGTLVTVSS,DIVMTQSPDSLAVSLGERATINCKSSQSVLYSSNNKNYLAWYQQKPGQPPKLLMYWASTRESGVPDRFSGSGSGAEFTLTISSLQAEDVAIYYCQQYYSTLTFGGGTKVEIK,RVQPTESIVRFPNITNLCPFDEVFNATRFASVYAWNRKRISNCVADYSVLYNFAPFFAFKCYGVSPTKLNDLCFTNVYADSFVIRGNEVSQIAPGQTGKIADYNYKLPDDFTGCVIAWNSNKLDSKVGGNYNYRYRLFRKSNLKPFERDISTEIYQAGNKPCNGVAGVNCYFPLQSYSFRPTYGVGHQPYRVVVLSFELLHAPATVCGPKKSTNLVKNKCVNF,-0.47920377987694124
omicron ,ADG-2,0.0220783948898315,1,EVQLVESGGGLVKPGGSLRLSCAASGFTFSSYYMNWVRQAPGKGLEWVSSISEDGYSTYYPDSLKGRFTISRDSAKNSLYLQMNSLRADDTAVYYCARDFSGHTAWAGTGFEYWGQGTLVTVSS,QSVLTQPPSVSGAPGQRITISCTGSSSNIGAGYDVHWYQQLPGTAPKLLIYGSSSRNSGVPDRFSGSKSGTSASLAITGLQAEDEADYYCQSYDSSLSVLYTFGTGTKVTVL,RVQPTESIVRFPNITNLCPFDEVFNATRFASVYAWNRKRISNCVADYSVLYNLAPFFTFKCYGVSPTKLNDLCFTNVYADSFVIRGDEVRQIAPGQTGNIADYNYKLPDDFTGCVIAWNSNKLDSKVSGNYNYLYRLFRKSNLKPFERDISTEIYQAGNKPCNGVAGFNCYFPLRSYSFRPTYGVGHQPYRVVVLSFELLHAPATVCGPKKSTNLVKNKCVNF,-0.671806866597606
BA2,ADG-2,0.0220783948898315,0,EVQLVESGGGLVKPGGSLRLSCAASGFTFSSYYMNWVRQAPGKGLEWVSSISEDGYSTYYPDSLKGRFTISRDSAKNSLYLQMNSLRADDTAVYYCARDFSGHTAWAGTGFEYWGQGTLVTVSS,QSVLTQPPSVSGAPGQRITISCTGSSSNIGAGYDVHWYQQLPGTAPKLLIYGSSSRNSGVPDRFSGSKSGTSASLAITGLQAEDEADYYCQSYDSSLSVLYTFGTGTKVTVL,RVQPTESIVRFPNITNLCPFDEVFNATRFASVYAWNRKRISNCVADYSVLYNFAPFFAFKCYGVSPTKLNDLCFTNVYADSFVIRGNEVSQIAPGQTGNIADYNYKLPDDFTGCVIAWNSNKLDSKVGGNYNYLYRLFRKSNLKPFERDISTEIYQAGNKPCNGVAGFNCYFPLQSYSFRPTYGVGHQPYRVVVLSFELLHAPATVCGPKKSTNLVKNKCVNF,-0.671806866597606
BA4,ADG-2,0.0547880828380584,0,EVQLVESGGGLVKPGGSLRLSCAASGFTFSSYYMNWVRQAPGKGLEWVSSISEDGYSTYYPDSLKGRFTISRDSAKNSLYLQMNSLRADDTAVYYCARDFSGHTAWAGTGFEYWGQGTLVTVSS,QSVLTQPPSVSGAPGQRITISCTGSSSNIGAGYDVHWYQQLPGTAPKLLIYGSSSRNSGVPDRFSGSKSGTSASLAITGLQAEDEADYYCQSYDSSLSVLYTFGTGTKVTVL,RVQPTESIVRFPNITNLCPFDEVFNATRFASVYAWNRKRISNCVADYSVLYNFAPFFAFKCYGVSPTKLNDLCFTNVYADSFVIRGNEVSQIAPGQTGKIADYNYKLPDDFTGCVIAWNSNKLDSKVGGNYNYRYRLFRKSNLKPFERDISTEIYQAGNKPCNGVAGVNCYFPLQSYSFRPTYGVGHQPYRVVVLSFELLHAPATVCGPKKSTNLVKNKCVNF,-0.671806866597606
omicron,S309,0.9911580085754396,1,QVQLVQSGAEVKKPGASVKVSCKASGYPFTSYGISWVRQAPGQGLEWMGWISTYNGNTNYAQKFQGRVTMTTDTSTTTGYMELRRLRSDDTAVYYCARDYTRGAWFGESLIGGFDNWGQGTLVTVSS,EIVLTQSPGTLSLSPGERATLSCRASQTVSSTSLAWYQQKPGQAPRLLIYGASSRATGIPDRFSGSGSGTDFTLTISRLEPEDFAVYYCQQHDTSLTFGGGTKVEIK,RVQPTESIVRFPNITNLCPFDEVFNATRFASVYAWNRKRISNCVADYSVLYNLAPFFTFKCYGVSPTKLNDLCFTNVYADSFVIRGDEVRQIAPGQTGNIADYNYKLPDDFTGCVIAWNSNKLDSKVSGNYNYLYRLFRKSNLKPFERDISTEIYQAGNKPCNGVAGFNCYFPLRSYSFRPTYGVGHQPYRVVVLSFELLHAPATVCGPKKSTNLVKNKCVNF,-1.3240636886559853
BA2,S309,0.9779727458953856,1,QVQLVQSGAEVKKPGASVKVSCKASGYPFTSYGISWVRQAPGQGLEWMGWISTYNGNTNYAQKFQGRVTMTTDTSTTTGYMELRRLRSDDTAVYYCARDYTRGAWFGESLIGGFDNWGQGTLVTVSS,EIVLTQSPGTLSLSPGERATLSCRASQTVSSTSLAWYQQKPGQAPRLLIYGASSRATGIPDRFSGSGSGTDFTLTISRLEPEDFAVYYCQQHDTSLTFGGGTKVEIK,RVQPTESIVRFPNITNLCPFDEVFNATRFASVYAWNRKRISNCVADYSVLYNFAPFFAFKCYGVSPTKLNDLCFTNVYADSFVIRGNEVSQIAPGQTGNIADYNYKLPDDFTGCVIAWNSNKLDSKVGGNYNYLYRLFRKSNLKPFERDISTEIYQAGNKPCNGVAGFNCYFPLQSYSFRPTYGVGHQPYRVVVLSFELLHAPATVCGPKKSTNLVKNKCVNF,-1.3240636886559856
BA4,S309,0.9874351024627686,0,QVQLVQSGAEVKKPGASVKVSCKASGYPFTSYGISWVRQAPGQGLEWMGWISTYNGNTNYAQKFQGRVTMTTDTSTTTGYMELRRLRSDDTAVYYCARDYTRGAWFGESLIGGFDNWGQGTLVTVSS,EIVLTQSPGTLSLSPGERATLSCRASQTVSSTSLAWYQQKPGQAPRLLIYGASSRATGIPDRFSGSGSGTDFTLTISRLEPEDFAVYYCQQHDTSLTFGGGTKVEIK,RVQPTESIVRFPNITNLCPFDEVFNATRFASVYAWNRKRISNCVADYSVLYNFAPFFAFKCYGVSPTKLNDLCFTNVYADSFVIRGNEVSQIAPGQTGKIADYNYKLPDDFTGCVIAWNSNKLDSKVGGNYNYRYRLFRKSNLKPFERDISTEIYQAGNKPCNGVAGVNCYFPLQSYSFRPTYGVGHQPYRVVVLSFELLHAPATVCGPKKSTNLVKNKCVNF,-1.3240636886559853
